Position Holder,Issuer,ISIN,Position Date,Net Short Position (%),Reporting Date,Cancellation Date
ActusRayPartners Limited,SCHOELLER-BLECKMANN OILFIELD EQUIPMENT Aktiengesellschaft,AT0000946652,2025-05-12,0.69,2025-05-13,
ActusRayPartners Limited,SCHOELLER-BLECKMANN OILFIELD EQUIPMENT Aktiengesellschaft,AT0000946652,2025-03-11,0.7,2025-03-12,
"D. E. Shaw & Co., L.P.",IMMOFINANZ AG,AT0000A21KS2,2024-10-03,0.5,2025-03-14,
Gladstone Capital Management LLP,Österreichische Post Aktiengesellschaft,AT0000APOST4,2023-05-23,0.58,2023-05-24,
LMR Partners LLP,DO & CO Aktiengesellschaft,AT0000818802,2023-01-30,0.69,2023-01-31,
Marble Bar Asset Management LLP,AT & S Austria Technologie & Systemtechnik Aktiengesellschaft,AT0000969985,2025-05-14,0.69,2025-05-15,
Marshall Wace LLP,SCHOELLER-BLECKMANN OILFIELD EQUIPMENT Aktiengesellschaft,AT0000946652,2025-04-30,0.8,2025-05-01,
Qube Research and Technologies,AT & S Austria Technologie & Systemtechnik Aktiengesellschaft,AT0000969985,2024-11-19,0.81,2024-11-20,
Qube Research and Technologies,CA Immobilien Anlagen Aktiengesellschaft,AT0000641352,2024-11-12,0.8,2024-11-13,
STURGEON VENTURES,Zumtobel Group AG,AT0000837307,2018-06-26,0.59,2018-06-27,
SYQUANT CAPITAL,IMMOFINANZ AG,AT0000A21KS2,2021-12-30,0.73,2021-12-31,
TFG Asset Management UK LLP,IMMOFINANZ AG,AT0000A21KS2,2022-01-18,0.54,2022-01-19,
ActusRayPartners Limited,SCHOELLER-BLECKMANN OILFIELD EQUIPMENT Aktiengesellschaft,AT0000946652,2025-05-12,0.69,2025-05-13,
ActusRayPartners Limited,SCHOELLER-BLECKMANN OILFIELD EQUIPMENT Aktiengesellschaft,AT0000946652,2025-04-28,0.7,2025-04-29,
ActusRayPartners Limited,SCHOELLER-BLECKMANN OILFIELD EQUIPMENT Aktiengesellschaft,AT0000946652,2025-04-25,0.69,2025-04-28,
ActusRayPartners Limited,SCHOELLER-BLECKMANN OILFIELD EQUIPMENT Aktiengesellschaft,AT0000946652,2025-04-09,0.71,2025-04-10,
ActusRayPartners Limited,SCHOELLER-BLECKMANN OILFIELD EQUIPMENT Aktiengesellschaft,AT0000946652,2025-03-21,0.68,2025-03-24,
ActusRayPartners Limited,SCHOELLER-BLECKMANN OILFIELD EQUIPMENT Aktiengesellschaft,AT0000946652,2025-03-11,0.7,2025-03-12,
ActusRayPartners Limited,SCHOELLER-BLECKMANN OILFIELD EQUIPMENT Aktiengesellschaft,AT0000946652,2024-12-27,0.64,2024-12-30,
ActusRayPartners Limited,SCHOELLER-BLECKMANN OILFIELD EQUIPMENT Aktiengesellschaft,AT0000946652,2024-12-13,0.5,2024-12-16,
AEW Global Advisors (Europe) Limited,CA Immobilien Anlagen Aktiengesellschaft,AT0000641352,2024-09-06,0.49,2024-09-06,
AEW Global Advisors (Europe) Limited,CA Immobilien Anlagen Aktiengesellschaft,AT0000641352,2024-09-05,0.59,2024-09-05,
"AEW Global Advisors Europe, ltd",CA Immobilien Anlagen Aktiengesellschaft,AT0000641352,2024-03-25,0.63,2024-03-25,
AKO Capital LLP,Andritz AG,AT0000730007,2022-09-28,0.49,2022-09-29,
AKO Capital LLP,Andritz AG,AT0000730007,2022-09-07,0.59,2022-09-08,
AKO Capital LLP,Andritz AG,AT0000730007,2022-09-05,0.64,2022-09-06,
AKO Capital LLP,Andritz AG,AT0000730007,2022-09-02,0.74,2022-09-05,
AKO Capital LLP,Andritz AG,AT0000730007,2022-09-01,0.84,2022-09-02,
AKO Capital LLP,Andritz AG,AT0000730007,2022-08-17,0.93,2022-08-18,
AKO Capital LLP,Andritz AG,AT0000730007,2022-08-11,1.08,2022-08-12,
AKO Capital LLP,Andritz AG,AT0000730007,2022-08-01,1.16,2022-08-02,
AKO Capital LLP,Andritz AG,AT0000730007,2022-06-16,1.26,2022-06-17,
AKO Capital LLP,Andritz AG,AT0000730007,2022-06-10,1.36,2022-06-13,
AKO Capital LLP,Andritz AG,AT0000730007,2022-05-30,1.4,2022-05-31,
AKO Capital LLP,Andritz AG,AT0000730007,2022-05-09,1.38,2022-05-10,
AKO Capital LLP,Andritz AG,AT0000730007,2022-04-14,1.46,2022-04-15,
AKO Capital LLP,Andritz AG,AT0000730007,2022-03-18,1.52,2022-03-21,
AKO Capital LLP,Andritz AG,AT0000730007,2021-10-06,1.49,2021-10-07,
AKO Capital LLP,Andritz AG,AT0000730007,2021-04-06,1.52,2021-04-07,
AKO Capital LLP,Andritz AG,AT0000730007,2021-03-24,1.43,2021-03-25,
AKO Capital LLP,Andritz AG,AT0000730007,2021-03-23,1.31,2021-03-24,
AKO Capital LLP,Andritz AG,AT0000730007,2021-03-11,1.25,2021-03-12,
AKO Capital LLP,Andritz AG,AT0000730007,2021-03-09,1.19,2021-03-10,
AKO Capital LLP,Andritz AG,AT0000730007,2021-03-02,1.03,2021-03-03,
AKO Capital LLP,Andritz AG,AT0000730007,2021-02-24,0.9,2021-02-25,
AKO Capital LLP,Andritz AG,AT0000730007,2021-02-11,0.81,2021-02-12,
AKO Capital LLP,Andritz AG,AT0000730007,2021-02-03,0.74,2021-02-04,
AKO Capital LLP,Andritz AG,AT0000730007,2021-01-12,0.64,2021-01-13,
AKO Capital LLP,Andritz AG,AT0000730007,2020-11-05,0.51,2020-11-06,
AKO Capital LLP,Andritz AG,AT0000730007,2020-10-28,0.48,2020-10-29,
AKO Capital LLP,Andritz AG,AT0000730007,2020-09-17,0.5,2020-09-18,
BlackRock Investment Management (UK) Limited,Österreichische Post Aktiengesellschaft,AT0000APOST4,2023-11-17,0.03,2023-11-20,
BlackRock Investment Management (UK) Limited,Österreichische Post Aktiengesellschaft,AT0000APOST4,2023-11-16,2.33,2023-11-17,
BlackRock Investment Management (UK) Limited,Österreichische Post Aktiengesellschaft,AT0000APOST4,2023-11-07,2.49,2023-11-08,
BlackRock Investment Management (UK) Limited,Österreichische Post Aktiengesellschaft,AT0000APOST4,2023-10-05,2.59,2023-10-06,
BlackRock Investment Management (UK) Limited,Österreichische Post Aktiengesellschaft,AT0000APOST4,2023-09-26,2.69,2023-09-27,
BlackRock Investment Management (UK) Limited,Österreichische Post Aktiengesellschaft,AT0000APOST4,2023-09-13,2.79,2023-09-14,
BlackRock Investment Management (UK) Limited,Österreichische Post Aktiengesellschaft,AT0000APOST4,2023-07-05,2.83,2023-07-06,
BlackRock Investment Management (UK) Limited,Österreichische Post Aktiengesellschaft,AT0000APOST4,2023-06-01,2.75,2023-06-02,
BlackRock Investment Management (UK) Limited,Österreichische Post Aktiengesellschaft,AT0000APOST4,2023-03-15,2.69,2023-03-16,
BlackRock Investment Management (UK) Limited,Österreichische Post Aktiengesellschaft,AT0000APOST4,2022-12-23,2.79,2022-12-26,
BlackRock Investment Management (UK) Limited,Österreichische Post Aktiengesellschaft,AT0000APOST4,2022-04-20,2.8,2022-04-21,
BlackRock Investment Management (UK) Limited,Österreichische Post Aktiengesellschaft,AT0000APOST4,2022-04-19,2.76,2022-04-20,
BlackRock Investment Management (UK) Limited,Österreichische Post Aktiengesellschaft,AT0000APOST4,2022-01-04,2.68,2022-01-05,
BlackRock Investment Management (UK) Limited,Österreichische Post Aktiengesellschaft,AT0000APOST4,2021-12-29,2.54,2021-12-30,
BlackRock Investment Management (UK) Limited,Österreichische Post Aktiengesellschaft,AT0000APOST4,2021-12-21,2.41,2021-12-22,
BlackRock Investment Management (UK) Limited,Österreichische Post Aktiengesellschaft,AT0000APOST4,2021-12-10,2.3,2021-12-13,
BlackRock Investment Management (UK) Limited,Österreichische Post Aktiengesellschaft,AT0000APOST4,2021-11-26,2.22,2021-11-29,
BlackRock Investment Management (UK) Limited,Österreichische Post Aktiengesellschaft,AT0000APOST4,2021-11-25,2.13,2021-11-26,
BlackRock Investment Management (UK) Limited,Österreichische Post Aktiengesellschaft,AT0000APOST4,2021-11-22,2.06,2021-11-23,
BlackRock Investment Management (UK) Limited,Österreichische Post Aktiengesellschaft,AT0000APOST4,2021-11-19,1.91,2021-11-22,
BlackRock Investment Management (UK) Limited,Österreichische Post Aktiengesellschaft,AT0000APOST4,2021-05-17,1.71,2021-05-18,
BlackRock Investment Management (UK) Limited,Österreichische Post Aktiengesellschaft,AT0000APOST4,2021-05-12,1.66,2021-05-13,
BlackRock Investment Management (UK) Limited,Österreichische Post Aktiengesellschaft,AT0000APOST4,2020-11-18,1.5,2020-11-19,
BlackRock Investment Management (UK) Limited,Österreichische Post Aktiengesellschaft,AT0000APOST4,2020-11-16,1.47,2020-11-17,
BlackRock Investment Management (UK) Limited,Österreichische Post Aktiengesellschaft,AT0000APOST4,2020-11-13,1.38,2020-11-16,
BlackRock Investment Management (UK) Limited,Österreichische Post Aktiengesellschaft,AT0000APOST4,2020-10-27,1.25,2020-10-28,
BlackRock Investment Management (UK) Limited,Österreichische Post Aktiengesellschaft,AT0000APOST4,2020-10-21,1.39,2020-10-22,
BlackRock Investment Management (UK) Limited,Österreichische Post Aktiengesellschaft,AT0000APOST4,2020-09-23,1.49,2020-09-24,
BlackRock Investment Management (UK) Limited,Österreichische Post Aktiengesellschaft,AT0000APOST4,2020-09-21,1.56,2020-09-22,
BlackRock Investment Management (UK) Limited,Österreichische Post Aktiengesellschaft,AT0000APOST4,2020-09-17,1.64,2020-09-18,
BlackRock Investment Management (UK) Limited,Österreichische Post Aktiengesellschaft,AT0000APOST4,2020-09-14,1.79,2020-09-15,
BlackRock Investment Management (UK) Limited,Österreichische Post Aktiengesellschaft,AT0000APOST4,2020-09-11,1.8,2020-09-14,
BlackRock Investment Management (UK) Limited,Österreichische Post Aktiengesellschaft,AT0000APOST4,2020-06-16,2.12,2020-06-17,
Capstone Global Master (Cayman) Limited,IMMOFINANZ AG,AT0000A21KS2,2022-01-24,0.0,2022-01-25,
Capstone Global Master (Cayman) Limited,IMMOFINANZ AG,AT0000A21KS2,2022-01-21,0.97,2022-01-24,2022-01-24
Capstone Global Master (Cayman) Limited,IMMOFINANZ AG,AT0000A21KS2,2021-12-29,0.83,2021-12-30,
Capstone Global Master (Cayman) Limited,IMMOFINANZ AG,AT0000A21KS2,2021-12-09,0.71,2021-12-10,
Carmignac Gestion,AT & S Austria Technologie & Systemtechnik Aktiengesellschaft,AT0000969985,2021-11-04,0.11,2021-11-05,
Carmignac Gestion,AT & S Austria Technologie & Systemtechnik Aktiengesellschaft,AT0000969985,2021-10-29,0.65,2021-11-02,
Citadel Advisors Europe Limited,DO & CO Aktiengesellschaft,AT0000818802,2023-03-01,0.0,2023-03-02,
Citadel Advisors Europe Limited,DO & CO Aktiengesellschaft,AT0000818802,2022-08-16,0.81,2022-08-17,
Citadel Advisors Europe Limited,DO & CO Aktiengesellschaft,AT0000818802,2022-08-01,0.91,2022-08-02,
Citadel Advisors Europe Limited,DO & CO Aktiengesellschaft,AT0000818802,2022-07-12,0.89,2022-07-13,
Citadel Advisors Europe Limited,DO & CO Aktiengesellschaft,AT0000818802,2022-05-26,0.91,2022-05-27,
Citadel Advisors Europe Limited,DO & CO Aktiengesellschaft,AT0000818802,2022-04-26,0.89,2022-04-27,
Citadel Advisors Europe Limited,DO & CO Aktiengesellschaft,AT0000818802,2022-03-07,1.06,2022-03-08,
Citadel Advisors Europe Limited,DO & CO Aktiengesellschaft,AT0000818802,2022-03-01,1.19,2022-03-02,
Citadel Advisors Europe Limited,DO & CO Aktiengesellschaft,AT0000818802,2022-02-15,1.2,2022-02-16,
Citadel Advisors Europe Limited,DO & CO Aktiengesellschaft,AT0000818802,2022-02-01,1.19,2022-02-02,
Citadel Advisors Europe Limited,DO & CO Aktiengesellschaft,AT0000818802,2022-01-20,1.03,2022-01-21,
Citadel Advisors Europe Limited,DO & CO Aktiengesellschaft,AT0000818802,2022-01-18,0.85,2022-01-19,
Citadel Advisors Europe Limited,DO & CO Aktiengesellschaft,AT0000818802,2022-01-06,0.72,2022-01-06,2022-01-06
Citadel Advisors Europe Limited,DO & CO Aktiengesellschaft,AT0000818802,2022-01-05,0.72,2022-01-06,
Citadel Advisors Europe Limited,DO & CO Aktiengesellschaft,AT0000818802,2022-01-03,0.69,2022-01-04,
Citadel Advisors LLC,DO & CO Aktiengesellschaft,AT0000818802,2020-08-21,0.47,2020-08-26,
Citadel Advisors LLC,DO & CO Aktiengesellschaft,AT0000818802,2020-08-20,0.57,2020-08-26,
Citadel Advisors LLC,DO & CO Aktiengesellschaft,AT0000818802,2020-08-14,0.61,2020-08-26,
Citadel Advisors LLC,DO & CO Aktiengesellschaft,AT0000818802,2020-08-13,0.57,2020-08-26,
Citadel Advisors LLC,DO & CO Aktiengesellschaft,AT0000818802,2020-08-12,0.49,2020-08-26,
Citadel Advisors LLC,DO & CO Aktiengesellschaft,AT0000818802,2020-08-10,0.51,2020-08-26,
Citadel Advisors LLC,Lenzing Aktiengesellschaft,AT0000644505,2022-11-25,0.49,2022-11-28,
Citadel Advisors LLC,Lenzing Aktiengesellschaft,AT0000644505,2022-10-28,0.51,2022-10-31,
Citadel Europe LLP,DO & CO Aktiengesellschaft,AT0000818802,2022-01-03,0.0,2022-01-03,
Citadel Europe LLP,DO & CO Aktiengesellschaft,AT0000818802,2021-12-16,0.69,2021-12-17,
Citadel Europe LLP,DO & CO Aktiengesellschaft,AT0000818802,2021-12-07,0.7,2021-12-08,
Citadel Europe LLP,DO & CO Aktiengesellschaft,AT0000818802,2021-12-03,0.63,2021-12-06,
Citadel Europe LLP,DO & CO Aktiengesellschaft,AT0000818802,2021-11-30,0.77,2021-12-01,
Citadel Europe LLP,DO & CO Aktiengesellschaft,AT0000818802,2021-11-26,0.89,2021-11-29,
Citadel Europe LLP,DO & CO Aktiengesellschaft,AT0000818802,2021-11-19,0.97,2021-11-22,
Citadel Europe LLP,DO & CO Aktiengesellschaft,AT0000818802,2021-11-15,1.01,2021-11-16,
Citadel Europe LLP,DO & CO Aktiengesellschaft,AT0000818802,2021-11-12,1.19,2021-11-15,
Citadel Europe LLP,DO & CO Aktiengesellschaft,AT0000818802,2021-11-10,1.21,2021-11-11,
Citadel Europe LLP,DO & CO Aktiengesellschaft,AT0000818802,2021-11-09,1.31,2021-11-10,
Citadel Europe LLP,DO & CO Aktiengesellschaft,AT0000818802,2021-11-08,1.26,2021-11-09,
Citadel Europe LLP,DO & CO Aktiengesellschaft,AT0000818802,2021-10-20,1.17,2021-10-21,
Citadel Europe LLP,DO & CO Aktiengesellschaft,AT0000818802,2021-10-18,1.2,2021-10-19,
Citadel Europe LLP,DO & CO Aktiengesellschaft,AT0000818802,2021-09-29,1.1,2021-09-30,
Citadel Europe LLP,DO & CO Aktiengesellschaft,AT0000818802,2021-07-20,1.07,2021-07-21,
Citadel Europe LLP,DO & CO Aktiengesellschaft,AT0000818802,2021-07-09,1.17,2021-07-12,
Citadel Europe LLP,DO & CO Aktiengesellschaft,AT0000818802,2021-05-17,1.23,2021-05-18,
Citadel Europe LLP,DO & CO Aktiengesellschaft,AT0000818802,2021-05-10,1.15,2021-05-11,
Citadel Europe LLP,DO & CO Aktiengesellschaft,AT0000818802,2021-04-29,0.9,2021-04-30,
Citadel Europe LLP,DO & CO Aktiengesellschaft,AT0000818802,2021-04-13,0.82,2021-04-14,
Citadel Europe LLP,DO & CO Aktiengesellschaft,AT0000818802,2021-04-07,0.75,2021-04-08,
Citadel Europe LLP,DO & CO Aktiengesellschaft,AT0000818802,2021-02-26,0.51,2021-03-01,
Clearance Capital Limited,CA Immobilien Anlagen Aktiengesellschaft,AT0000641352,2024-09-03,0.35,2024-09-04,
Clearance Capital Limited,CA Immobilien Anlagen Aktiengesellschaft,AT0000641352,2024-08-15,0.56,2024-08-16,
Clearance Capital Limited,CA Immobilien Anlagen Aktiengesellschaft,AT0000641352,2024-07-12,0.65,2024-07-15,
Clearance Capital Limited,CA Immobilien Anlagen Aktiengesellschaft,AT0000641352,2024-07-01,0.74,2024-07-02,
Clearance Capital Limited,CA Immobilien Anlagen Aktiengesellschaft,AT0000641352,2024-06-28,0.67,2024-07-01,
Clearance Capital Limited,CA Immobilien Anlagen Aktiengesellschaft,AT0000641352,2024-06-14,0.58,2024-06-17,
Clearance Capital Limited,CA Immobilien Anlagen Aktiengesellschaft,AT0000641352,2024-04-03,0.64,2024-04-03,2024-04-03
Clearance Capital Limited,CA Immobilien Anlagen Aktiengesellschaft,AT0000641352,2024-04-02,0.64,2024-04-03,
Clearance Capital Limited,CA Immobilien Anlagen Aktiengesellschaft,AT0000641352,2024-03-20,0.5,2024-03-21,
CQS (UK) LLP,IMMOFINANZ AG,AT0000A21KS2,2022-01-14,0.0,2022-01-17,
CQS (UK) LLP,IMMOFINANZ AG,AT0000A21KS2,2022-01-06,0.63,2022-01-06,
CQS (UK) LLP,IMMOFINANZ AG,AT0000A21KS2,2021-11-04,0.52,2021-11-05,
Crédit Industriel et Commercial,IMMOFINANZ AG,AT0000A21KS2,2022-01-24,0.0,2022-01-25,
Crédit Industriel et Commercial,IMMOFINANZ AG,AT0000A21KS2,2022-01-14,0.6,2022-01-17,
Crédit Industriel et Commercial,IMMOFINANZ AG,AT0000A21KS2,2022-01-03,0.55,2022-01-04,
"D. E. Shaw & Co., L.P.",IMMOFINANZ AG,AT0000A21KS2,2024-10-03,0.5,2025-03-14,
Eleva Capital SAS,Österreichische Post Aktiengesellschaft,AT0000APOST4,2022-11-11,0.46,2022-11-14,
Eleva Capital SAS,Österreichische Post Aktiengesellschaft,AT0000APOST4,2022-05-19,0.52,2022-05-20,
EXANE ASSET MANAGEMENT,Wienerberger AG,AT0000831706,2022-10-14,0.47,2022-10-17,
EXANE ASSET MANAGEMENT,Wienerberger AG,AT0000831706,2022-09-02,0.52,2022-09-05,
EXANE ASSET MANAGEMENT,Wienerberger AG,AT0000831706,2022-08-10,0.48,2022-08-11,
EXANE ASSET MANAGEMENT,Wienerberger AG,AT0000831706,2022-08-09,0.51,2022-08-10,
"ExodusPoint Capital Management, LP",Andritz AG,AT0000730007,2020-11-30,0.0,2020-12-01,
"ExodusPoint Capital Management, LP",Andritz AG,AT0000730007,2020-11-26,0.59,2020-11-27,
"ExodusPoint Capital Management, LP",Andritz AG,AT0000730007,2020-11-19,0.69,2020-11-20,
"ExodusPoint Capital Management, LP",Andritz AG,AT0000730007,2020-11-12,0.7,2020-11-13,
"ExodusPoint Capital Management, LP",Andritz AG,AT0000730007,2020-11-02,0.69,2020-11-03,
"ExodusPoint Capital Management, LP",Andritz AG,AT0000730007,2020-10-30,0.7,2020-11-02,
"ExodusPoint Capital Management, LP",Andritz AG,AT0000730007,2020-10-27,0.69,2020-10-28,
"ExodusPoint Capital Management, LP",Andritz AG,AT0000730007,2020-10-07,0.71,2020-10-08,
"ExodusPoint Capital Management, LP",Andritz AG,AT0000730007,2020-09-28,0.6,2020-09-29,
"ExodusPoint Capital Management, LP",Andritz AG,AT0000730007,2020-09-21,0.52,2020-09-22,
General Industrial Partners LLP,Österreichische Post Aktiengesellschaft,AT0000APOST4,2021-01-27,0.45,2021-01-28,
General Industrial Partners LLP,Österreichische Post Aktiengesellschaft,AT0000APOST4,2020-10-27,0.51,2020-10-28,
General Industrial Partners LLP,Österreichische Post Aktiengesellschaft,AT0000APOST4,2020-09-29,0.49,2020-09-30,
General Industrial Partners LLP,Österreichische Post Aktiengesellschaft,AT0000APOST4,2020-06-23,0.59,2020-06-24,
General Industrial Partners LLP,Österreichische Post Aktiengesellschaft,AT0000APOST4,2020-05-27,0.61,2020-05-28,
General Industrial Partners LLP,Österreichische Post Aktiengesellschaft,AT0000APOST4,2020-05-20,0.51,2020-05-21,
Gladstone Capital Management LLP,Andritz AG,AT0000730007,2021-05-04,0.48,2021-05-04,
Gladstone Capital Management LLP,Andritz AG,AT0000730007,2021-04-29,0.55,2021-04-30,
Gladstone Capital Management LLP,Andritz AG,AT0000730007,2021-02-11,0.77,2021-02-11,
Gladstone Capital Management LLP,Andritz AG,AT0000730007,2021-02-01,0.8,2021-02-01,
Gladstone Capital Management LLP,Andritz AG,AT0000730007,2020-12-07,0.79,2020-12-08,
Gladstone Capital Management LLP,Andritz AG,AT0000730007,2020-12-03,0.9,2020-12-03,
Gladstone Capital Management LLP,Andritz AG,AT0000730007,2020-12-02,1.37,2020-12-02,
Gladstone Capital Management LLP,Andritz AG,AT0000730007,2020-11-27,1.07,2020-11-27,
Gladstone Capital Management LLP,Andritz AG,AT0000730007,2020-11-24,1.19,2020-11-25,
Gladstone Capital Management LLP,Andritz AG,AT0000730007,2020-11-02,1.23,2020-11-02,
Gladstone Capital Management LLP,Andritz AG,AT0000730007,2020-09-16,1.11,2020-09-17,
Gladstone Capital Management LLP,Andritz AG,AT0000730007,2020-09-02,1.04,2020-09-02,
Gladstone Capital Management LLP,Andritz AG,AT0000730007,2020-09-01,0.96,2020-09-01,
Gladstone Capital Management LLP,Andritz AG,AT0000730007,2020-07-01,0.8,2020-07-01,
Gladstone Capital Management LLP,Österreichische Post Aktiengesellschaft,AT0000APOST4,2023-05-23,0.58,2023-05-24,
Gladstone Capital Management LLP,Österreichische Post Aktiengesellschaft,AT0000APOST4,2023-04-04,0.69,2023-04-05,
Gladstone Capital Management LLP,Österreichische Post Aktiengesellschaft,AT0000APOST4,2022-10-03,0.8,2022-10-03,
Gladstone Capital Management LLP,Österreichische Post Aktiengesellschaft,AT0000APOST4,2022-04-01,0.87,2022-04-05,
Gladstone Capital Management LLP,Österreichische Post Aktiengesellschaft,AT0000APOST4,2022-01-03,0.98,2022-01-04,
Gladstone Capital Management LLP,Österreichische Post Aktiengesellschaft,AT0000APOST4,2021-07-14,0.99,2021-07-14,
Gladstone Capital Management LLP,Österreichische Post Aktiengesellschaft,AT0000APOST4,2021-07-01,1.1,2021-07-01,
Gladstone Capital Management LLP,Österreichische Post Aktiengesellschaft,AT0000APOST4,2021-03-12,1.29,2021-03-12,
Gladstone Capital Management LLP,Österreichische Post Aktiengesellschaft,AT0000APOST4,2021-03-09,1.39,2021-03-09,
Gladstone Capital Management LLP,Österreichische Post Aktiengesellschaft,AT0000APOST4,2021-03-03,1.5,2021-03-03,
Gladstone Capital Management LLP,Österreichische Post Aktiengesellschaft,AT0000APOST4,2021-02-12,1.57,2021-02-12,
Gladstone Capital Management LLP,Österreichische Post Aktiengesellschaft,AT0000APOST4,2021-01-29,1.7,2021-01-29,
Gladstone Capital Management LLP,Österreichische Post Aktiengesellschaft,AT0000APOST4,2021-01-27,1.78,2021-01-27,
Gladstone Capital Management LLP,Österreichische Post Aktiengesellschaft,AT0000APOST4,2020-08-05,1.8,2020-08-05,
Gladstone Capital Management LLP,Österreichische Post Aktiengesellschaft,AT0000APOST4,2020-07-06,1.71,2020-07-06,
Gladstone Capital Management LLP,Österreichische Post Aktiengesellschaft,AT0000APOST4,2020-07-01,1.62,2020-07-01,
Gladstone Capital Management LLP,Österreichische Post Aktiengesellschaft,AT0000APOST4,2020-06-02,1.54,2020-06-02,
Gladstone Capital Management LLP,Österreichische Post Aktiengesellschaft,AT0000APOST4,2020-05-21,1.42,2020-05-22,
Gladstone Capital Management LLP,Österreichische Post Aktiengesellschaft,AT0000APOST4,2020-05-20,1.33,2020-05-20,
Gladstone Capital Management LLP,Österreichische Post Aktiengesellschaft,AT0000APOST4,2020-05-19,1.24,2020-05-19,
GLG Partners LP,Österreichische Post Aktiengesellschaft,AT0000APOST4,2021-01-22,0.45,2021-01-25,
GLG Partners LP,Österreichische Post Aktiengesellschaft,AT0000APOST4,2020-10-22,0.59,2020-10-23,
GLG Partners LP,Österreichische Post Aktiengesellschaft,AT0000APOST4,2020-08-03,0.6,2020-08-04,
GLG Partners LP,Österreichische Post Aktiengesellschaft,AT0000APOST4,2020-05-21,0.5,2020-05-22,
GMT Capital Corp,PORR AG,AT0000609607,2022-09-16,0.0,2022-09-16,
GMT Capital Corp,PORR AG,AT0000609607,2021-07-30,0.59,2021-08-02,
GMT Capital Corp,PORR AG,AT0000609607,2021-06-17,0.68,2021-06-18,
GMT Capital Corp,PORR AG,AT0000609607,2021-03-12,0.73,2021-03-13,
GMT Capital Corp,PORR AG,AT0000609607,2021-03-05,1.09,2021-03-08,
GMT Capital Corp,PORR AG,AT0000609607,2021-02-16,0.89,2021-02-17,
GMT Capital Corp,PORR AG,AT0000609607,2021-02-09,0.95,2021-02-10,
GMT Capital Corp,PORR AG,AT0000609607,2021-01-21,1.08,2021-01-22,
GMT Capital Corp,PORR AG,AT0000609607,2020-08-21,1.28,2020-08-24,
GMT Capital Corp,PORR AG,AT0000609607,2020-08-10,1.9,2020-08-11,
GMT Capital Corp.,PORR AG,AT0000609607,2022-02-25,0.33,2022-02-26,
GMT Capital Corp.,PORR AG,AT0000609607,2021-11-24,0.64,2021-11-25,
Immersion Capital LLP,Andritz AG,AT0000730007,2022-02-28,0.33,2022-03-01,
Immersion Capital LLP,Andritz AG,AT0000730007,2022-01-28,0.65,2022-01-31,
Immersion Capital LLP,Andritz AG,AT0000730007,2021-02-08,0.66,2021-02-09,
Immersion Capital LLP,Andritz AG,AT0000730007,2021-02-04,0.79,2021-02-05,
Immersion Capital LLP,Andritz AG,AT0000730007,2021-02-03,0.82,2021-02-04,
Immersion Capital LLP,Andritz AG,AT0000730007,2021-02-02,1.1,2021-02-03,
Immersion Capital LLP,Andritz AG,AT0000730007,2021-01-29,1.36,2021-02-01,
Immersion Capital LLP,Andritz AG,AT0000730007,2021-01-28,1.54,2021-01-29,
Immersion Capital LLP,Andritz AG,AT0000730007,2020-05-22,1.6,2020-05-25,
Immersion Capital LLP,Andritz AG,AT0000730007,2020-05-21,1.51,2020-05-22,
Immersion Capital LLP,Andritz AG,AT0000730007,2020-05-20,1.42,2020-05-21,
"Jane Street Group, LLC",AT & S Austria Technologie & Systemtechnik Aktiengesellschaft,AT0000969985,2024-05-16,0.48,2024-05-17,
"Jane Street Group, LLC",AT & S Austria Technologie & Systemtechnik Aktiengesellschaft,AT0000969985,2024-02-07,0.51,2024-02-08,
JPMORGAN ASSET MANAGEMENT (UK) LIMITED,AT & S Austria Technologie & Systemtechnik Aktiengesellschaft,AT0000969985,2024-12-20,0.31,2024-12-23,
JPMORGAN ASSET MANAGEMENT (UK) LIMITED,AT & S Austria Technologie & Systemtechnik Aktiengesellschaft,AT0000969985,2024-12-18,0.58,2024-12-19,
JPMORGAN ASSET MANAGEMENT (UK) LIMITED,AT & S Austria Technologie & Systemtechnik Aktiengesellschaft,AT0000969985,2024-11-14,0.64,2024-11-15,
JPMORGAN ASSET MANAGEMENT (UK) LIMITED,AT & S Austria Technologie & Systemtechnik Aktiengesellschaft,AT0000969985,2024-11-05,0.59,2024-11-06,
JPMORGAN ASSET MANAGEMENT (UK) LIMITED,AT & S Austria Technologie & Systemtechnik Aktiengesellschaft,AT0000969985,2024-10-31,0.66,2024-11-01,
JPMORGAN ASSET MANAGEMENT (UK) LIMITED,AT & S Austria Technologie & Systemtechnik Aktiengesellschaft,AT0000969985,2024-10-24,0.73,2024-10-25,
JPMORGAN ASSET MANAGEMENT (UK) LIMITED,AT & S Austria Technologie & Systemtechnik Aktiengesellschaft,AT0000969985,2024-08-08,0.69,2024-08-09,
JPMORGAN ASSET MANAGEMENT (UK) LIMITED,AT & S Austria Technologie & Systemtechnik Aktiengesellschaft,AT0000969985,2024-04-29,0.59,2024-04-30,
JPMORGAN ASSET MANAGEMENT (UK) LIMITED,AT & S Austria Technologie & Systemtechnik Aktiengesellschaft,AT0000969985,2024-04-22,0.69,2024-04-23,
JPMORGAN ASSET MANAGEMENT (UK) LIMITED,AT & S Austria Technologie & Systemtechnik Aktiengesellschaft,AT0000969985,2024-03-21,0.77,2024-03-22,
JPMORGAN ASSET MANAGEMENT (UK) LIMITED,AT & S Austria Technologie & Systemtechnik Aktiengesellschaft,AT0000969985,2024-02-14,0.87,2024-02-15,
JPMORGAN ASSET MANAGEMENT (UK) LIMITED,AT & S Austria Technologie & Systemtechnik Aktiengesellschaft,AT0000969985,2024-02-12,0.98,2024-02-13,
JPMORGAN ASSET MANAGEMENT (UK) LIMITED,AT & S Austria Technologie & Systemtechnik Aktiengesellschaft,AT0000969985,2024-02-07,1.09,2024-02-08,
JPMORGAN ASSET MANAGEMENT (UK) LIMITED,AT & S Austria Technologie & Systemtechnik Aktiengesellschaft,AT0000969985,2023-12-12,1.12,2023-12-13,
JPMORGAN ASSET MANAGEMENT (UK) LIMITED,AT & S Austria Technologie & Systemtechnik Aktiengesellschaft,AT0000969985,2023-12-07,1.03,2023-12-08,
JPMORGAN ASSET MANAGEMENT (UK) LIMITED,AT & S Austria Technologie & Systemtechnik Aktiengesellschaft,AT0000969985,2023-11-09,0.99,2023-11-10,
JPMORGAN ASSET MANAGEMENT (UK) LIMITED,AT & S Austria Technologie & Systemtechnik Aktiengesellschaft,AT0000969985,2023-11-06,1.09,2023-11-07,
JPMORGAN ASSET MANAGEMENT (UK) LIMITED,AT & S Austria Technologie & Systemtechnik Aktiengesellschaft,AT0000969985,2023-09-08,1.1,2023-09-12,
JPMORGAN ASSET MANAGEMENT (UK) LIMITED,AT & S Austria Technologie & Systemtechnik Aktiengesellschaft,AT0000969985,2022-11-15,1.07,2022-11-16,
JPMORGAN ASSET MANAGEMENT (UK) LIMITED,AT & S Austria Technologie & Systemtechnik Aktiengesellschaft,AT0000969985,2022-11-14,1.16,2022-11-15,
JPMORGAN ASSET MANAGEMENT (UK) LIMITED,AT & S Austria Technologie & Systemtechnik Aktiengesellschaft,AT0000969985,2022-11-10,1.28,2022-11-11,
JPMORGAN ASSET MANAGEMENT (UK) LIMITED,AT & S Austria Technologie & Systemtechnik Aktiengesellschaft,AT0000969985,2022-11-04,1.3,2022-11-07,
JPMORGAN ASSET MANAGEMENT (UK) LIMITED,AT & S Austria Technologie & Systemtechnik Aktiengesellschaft,AT0000969985,2022-10-25,1.21,2022-10-26,
JPMORGAN ASSET MANAGEMENT (UK) LIMITED,AT & S Austria Technologie & Systemtechnik Aktiengesellschaft,AT0000969985,2022-10-24,1.19,2022-10-25,
JPMORGAN ASSET MANAGEMENT (UK) LIMITED,AT & S Austria Technologie & Systemtechnik Aktiengesellschaft,AT0000969985,2022-10-21,1.03,2022-10-24,
JPMORGAN ASSET MANAGEMENT (UK) LIMITED,AT & S Austria Technologie & Systemtechnik Aktiengesellschaft,AT0000969985,2022-10-20,0.97,2022-10-21,
JPMORGAN ASSET MANAGEMENT (UK) LIMITED,AT & S Austria Technologie & Systemtechnik Aktiengesellschaft,AT0000969985,2022-10-13,0.83,2022-10-14,
JPMORGAN ASSET MANAGEMENT (UK) LIMITED,AT & S Austria Technologie & Systemtechnik Aktiengesellschaft,AT0000969985,2022-09-05,0.71,2022-09-06,
JPMORGAN ASSET MANAGEMENT (UK) LIMITED,AT & S Austria Technologie & Systemtechnik Aktiengesellschaft,AT0000969985,2022-09-02,0.63,2022-09-05,
JPMORGAN ASSET MANAGEMENT (UK) LIMITED,AT & S Austria Technologie & Systemtechnik Aktiengesellschaft,AT0000969985,2022-08-03,0.59,2022-08-04,
Kontiki Capital Management (HK) Limited,Andritz AG,AT0000730007,2020-12-09,0.44,2020-12-10,
Kontiki Capital Management (HK) Limited,Andritz AG,AT0000730007,2020-12-08,0.58,2020-12-09,
Kontiki Capital Management (HK) Limited,Andritz AG,AT0000730007,2020-12-07,0.7,2020-12-08,
Kontiki Capital Management (HK) Limited,Andritz AG,AT0000730007,2020-11-11,0.88,2020-11-12,
Kontiki Capital Management (HK) Limited,Andritz AG,AT0000730007,2020-10-21,0.91,2020-10-22,
Kontiki Capital Management (HK) Limited,Andritz AG,AT0000730007,2020-10-20,0.76,2020-10-21,
Kontiki Capital Management (HK) Limited,Andritz AG,AT0000730007,2020-10-16,0.6,2020-10-19,
Kontiki Capital Management (HK) Limited,Andritz AG,AT0000730007,2020-10-15,0.5,2020-10-16,
KUVARI PARTNERS LLP,Österreichische Post Aktiengesellschaft,AT0000APOST4,2021-11-22,0.45,2022-01-12,
KUVARI PARTNERS LLP,Österreichische Post Aktiengesellschaft,AT0000APOST4,2021-06-16,0.59,2021-06-16,
KUVARI PARTNERS LLP,Österreichische Post Aktiengesellschaft,AT0000APOST4,2021-06-14,0.65,2021-06-14,
KUVARI PARTNERS LLP,Österreichische Post Aktiengesellschaft,AT0000APOST4,2021-05-11,0.79,2021-05-11,
KUVARI PARTNERS LLP,Österreichische Post Aktiengesellschaft,AT0000APOST4,2021-05-06,0.88,2021-05-07,
KUVARI PARTNERS LLP,Österreichische Post Aktiengesellschaft,AT0000APOST4,2021-03-02,0.9,2021-03-02,
KUVARI PARTNERS LLP,Österreichische Post Aktiengesellschaft,AT0000APOST4,2021-02-01,0.83,2021-02-02,
KUVARI PARTNERS LLP,Österreichische Post Aktiengesellschaft,AT0000APOST4,2020-11-02,0.72,2020-11-03,
KUVARI PARTNERS LLP,Österreichische Post Aktiengesellschaft,AT0000APOST4,2020-07-23,0.6,2020-07-23,
KUVARI PARTNERS LLP,Österreichische Post Aktiengesellschaft,AT0000APOST4,2020-07-21,0.51,2020-07-21,
KUVARI PARTNERS LLP,PORR AG,AT0000609607,2020-11-03,0.46,2020-11-03,
KUVARI PARTNERS LLP,PORR AG,AT0000609607,2020-10-29,0.57,2020-10-29,
KUVARI PARTNERS LLP,PORR AG,AT0000609607,2020-10-14,0.64,2020-10-14,
KUVARI PARTNERS LLP,PORR AG,AT0000609607,2020-09-28,0.78,2020-09-28,
KUVARI PARTNERS LLP,PORR AG,AT0000609607,2020-09-24,0.82,2020-09-24,
LMR Partners LLP,DO & CO Aktiengesellschaft,AT0000818802,2023-01-30,0.69,2023-01-31,
LMR Partners LLP,DO & CO Aktiengesellschaft,AT0000818802,2023-01-19,0.7,2023-01-20,
LMR Partners LLP,DO & CO Aktiengesellschaft,AT0000818802,2022-12-09,0.61,2022-12-12,
LMR Partners LLP,DO & CO Aktiengesellschaft,AT0000818802,2022-11-29,0.6,2022-11-30,
LMR Partners LLP,DO & CO Aktiengesellschaft,AT0000818802,2022-11-18,0.58,2022-11-21,
LMR Partners LLP,DO & CO Aktiengesellschaft,AT0000818802,2022-11-11,0.49,2022-11-14,
LMR Partners LLP,DO & CO Aktiengesellschaft,AT0000818802,2022-11-09,0.5,2022-11-10,
LMR Partners LLP,DO & CO Aktiengesellschaft,AT0000818802,2022-11-07,0.49,2022-11-08,
LMR Partners LLP,DO & CO Aktiengesellschaft,AT0000818802,2022-11-05,0.57,2022-12-06,
LMR Partners LLP,DO & CO Aktiengesellschaft,AT0000818802,2022-08-31,0.5,2022-09-01,
LMR Partners LLP,S IMMO AG,AT0000652250,2022-09-07,0.45,2022-09-08,
LMR Partners LLP,S IMMO AG,AT0000652250,2022-08-23,0.54,2022-08-24,
Marble Bar Asset Management LLP,AT & S Austria Technologie & Systemtechnik Aktiengesellschaft,AT0000969985,2025-05-14,0.69,2025-05-15,
Marble Bar Asset Management LLP,AT & S Austria Technologie & Systemtechnik Aktiengesellschaft,AT0000969985,2025-05-13,0.77,2025-05-14,
Marble Bar Asset Management LLP,AT & S Austria Technologie & Systemtechnik Aktiengesellschaft,AT0000969985,2025-04-09,0.94,2025-04-09,
Marble Bar Asset Management LLP,AT & S Austria Technologie & Systemtechnik Aktiengesellschaft,AT0000969985,2025-01-29,0.88,2025-01-30,
Marble Bar Asset Management LLP,AT & S Austria Technologie & Systemtechnik Aktiengesellschaft,AT0000969985,2025-01-28,0.95,2025-01-29,
Marble Bar Asset Management LLP,AT & S Austria Technologie & Systemtechnik Aktiengesellschaft,AT0000969985,2025-01-03,1.02,2025-01-06,
Marble Bar Asset Management LLP,AT & S Austria Technologie & Systemtechnik Aktiengesellschaft,AT0000969985,2025-01-02,0.94,2025-01-03,
Marble Bar Asset Management LLP,AT & S Austria Technologie & Systemtechnik Aktiengesellschaft,AT0000969985,2024-11-14,0.87,2024-11-15,
Marble Bar Asset Management LLP,AT & S Austria Technologie & Systemtechnik Aktiengesellschaft,AT0000969985,2024-11-13,0.95,2024-11-14,
Marble Bar Asset Management LLP,AT & S Austria Technologie & Systemtechnik Aktiengesellschaft,AT0000969985,2024-11-06,1.07,2024-11-07,
Marble Bar Asset Management LLP,AT & S Austria Technologie & Systemtechnik Aktiengesellschaft,AT0000969985,2024-10-17,1.17,2024-10-18,
Marble Bar Asset Management LLP,AT & S Austria Technologie & Systemtechnik Aktiengesellschaft,AT0000969985,2024-10-15,1.26,2024-10-16,
Marble Bar Asset Management LLP,AT & S Austria Technologie & Systemtechnik Aktiengesellschaft,AT0000969985,2024-10-08,1.39,2024-10-09,
Marble Bar Asset Management LLP,AT & S Austria Technologie & Systemtechnik Aktiengesellschaft,AT0000969985,2024-09-27,1.49,2024-09-30,
Marble Bar Asset Management LLP,AT & S Austria Technologie & Systemtechnik Aktiengesellschaft,AT0000969985,2024-09-24,1.55,2024-09-25,
Marble Bar Asset Management LLP,AT & S Austria Technologie & Systemtechnik Aktiengesellschaft,AT0000969985,2024-09-20,1.66,2024-09-23,
Marble Bar Asset Management LLP,AT & S Austria Technologie & Systemtechnik Aktiengesellschaft,AT0000969985,2024-09-13,1.79,2024-09-16,
Marble Bar Asset Management LLP,AT & S Austria Technologie & Systemtechnik Aktiengesellschaft,AT0000969985,2024-09-09,1.88,2024-09-10,
Marble Bar Asset Management LLP,AT & S Austria Technologie & Systemtechnik Aktiengesellschaft,AT0000969985,2024-08-16,1.91,2024-08-19,
Marble Bar Asset Management LLP,AT & S Austria Technologie & Systemtechnik Aktiengesellschaft,AT0000969985,2024-08-13,1.84,2024-08-14,
Marble Bar Asset Management LLP,AT & S Austria Technologie & Systemtechnik Aktiengesellschaft,AT0000969985,2024-08-12,1.81,2024-08-13,
Marble Bar Asset Management LLP,AT & S Austria Technologie & Systemtechnik Aktiengesellschaft,AT0000969985,2024-08-07,1.73,2024-08-08,
Marble Bar Asset Management LLP,AT & S Austria Technologie & Systemtechnik Aktiengesellschaft,AT0000969985,2024-08-05,1.62,2024-08-06,
Marble Bar Asset Management LLP,AT & S Austria Technologie & Systemtechnik Aktiengesellschaft,AT0000969985,2024-08-02,1.53,2024-08-05,
Marble Bar Asset Management LLP,AT & S Austria Technologie & Systemtechnik Aktiengesellschaft,AT0000969985,2024-08-01,1.34,2024-08-02,
Marble Bar Asset Management LLP,AT & S Austria Technologie & Systemtechnik Aktiengesellschaft,AT0000969985,2024-07-12,1.23,2024-07-15,
Marble Bar Asset Management LLP,AT & S Austria Technologie & Systemtechnik Aktiengesellschaft,AT0000969985,2024-07-05,1.1,2024-07-08,
Marble Bar Asset Management LLP,AT & S Austria Technologie & Systemtechnik Aktiengesellschaft,AT0000969985,2024-06-21,1.09,2024-06-24,
Marble Bar Asset Management LLP,AT & S Austria Technologie & Systemtechnik Aktiengesellschaft,AT0000969985,2024-06-19,1.27,2024-06-20,
Marble Bar Asset Management LLP,AT & S Austria Technologie & Systemtechnik Aktiengesellschaft,AT0000969985,2024-06-17,1.35,2024-06-18,
Marble Bar Asset Management LLP,AT & S Austria Technologie & Systemtechnik Aktiengesellschaft,AT0000969985,2024-06-14,1.43,2024-06-17,
Marble Bar Asset Management LLP,AT & S Austria Technologie & Systemtechnik Aktiengesellschaft,AT0000969985,2024-06-13,1.52,2024-06-14,
Marble Bar Asset Management LLP,AT & S Austria Technologie & Systemtechnik Aktiengesellschaft,AT0000969985,2024-06-12,1.61,2024-06-13,
Marble Bar Asset Management LLP,AT & S Austria Technologie & Systemtechnik Aktiengesellschaft,AT0000969985,2024-06-10,1.7,2024-06-12,
Marble Bar Asset Management LLP,AT & S Austria Technologie & Systemtechnik Aktiengesellschaft,AT0000969985,2024-01-22,1.92,2024-01-23,
Marble Bar Asset Management LLP,AT & S Austria Technologie & Systemtechnik Aktiengesellschaft,AT0000969985,2024-01-09,1.71,2024-01-10,
Marble Bar Asset Management LLP,AT & S Austria Technologie & Systemtechnik Aktiengesellschaft,AT0000969985,2024-01-03,1.6,2024-01-04,
Marble Bar Asset Management LLP,AT & S Austria Technologie & Systemtechnik Aktiengesellschaft,AT0000969985,2024-01-02,1.54,2024-01-03,
Marble Bar Asset Management LLP,AT & S Austria Technologie & Systemtechnik Aktiengesellschaft,AT0000969985,2023-11-14,1.47,2023-11-15,
Marble Bar Asset Management LLP,AT & S Austria Technologie & Systemtechnik Aktiengesellschaft,AT0000969985,2023-11-03,1.9,2023-11-06,
Marble Bar Asset Management LLP,AT & S Austria Technologie & Systemtechnik Aktiengesellschaft,AT0000969985,2023-11-02,1.84,2023-11-03,
Marble Bar Asset Management LLP,AT & S Austria Technologie & Systemtechnik Aktiengesellschaft,AT0000969985,2023-10-31,1.72,2023-11-01,
Marble Bar Asset Management LLP,AT & S Austria Technologie & Systemtechnik Aktiengesellschaft,AT0000969985,2023-10-30,1.63,2023-10-31,
Marble Bar Asset Management LLP,AT & S Austria Technologie & Systemtechnik Aktiengesellschaft,AT0000969985,2023-10-27,1.57,2023-10-30,
Marble Bar Asset Management LLP,AT & S Austria Technologie & Systemtechnik Aktiengesellschaft,AT0000969985,2023-10-24,1.32,2023-10-25,
Marble Bar Asset Management LLP,AT & S Austria Technologie & Systemtechnik Aktiengesellschaft,AT0000969985,2023-10-23,1.23,2023-10-24,
Marble Bar Asset Management LLP,AT & S Austria Technologie & Systemtechnik Aktiengesellschaft,AT0000969985,2023-10-19,1.12,2023-10-20,
Marble Bar Asset Management LLP,AT & S Austria Technologie & Systemtechnik Aktiengesellschaft,AT0000969985,2023-10-17,1.03,2023-10-18,
Marble Bar Asset Management LLP,AT & S Austria Technologie & Systemtechnik Aktiengesellschaft,AT0000969985,2023-10-10,0.91,2023-10-11,
Marble Bar Asset Management LLP,AT & S Austria Technologie & Systemtechnik Aktiengesellschaft,AT0000969985,2023-10-05,0.71,2023-10-06,
Marble Bar Asset Management LLP,AT & S Austria Technologie & Systemtechnik Aktiengesellschaft,AT0000969985,2023-10-04,0.64,2023-10-05,
Marble Bar Asset Management LLP,AT & S Austria Technologie & Systemtechnik Aktiengesellschaft,AT0000969985,2023-09-29,0.51,2023-10-02,
Marble Bar Asset Management LLP,voestalpine AG,AT0000937503,2022-10-11,0.49,2022-10-12,
Marble Bar Asset Management LLP,voestalpine AG,AT0000937503,2022-09-30,0.5,2022-10-03,
Marshall Wace LLP,Andritz AG,AT0000730007,2025-02-17,0.49,2025-02-18,
Marshall Wace LLP,Andritz AG,AT0000730007,2025-01-13,0.59,2025-01-14,
Marshall Wace LLP,Andritz AG,AT0000730007,2024-12-18,0.6,2024-12-19,
Marshall Wace LLP,Andritz AG,AT0000730007,2024-12-05,0.59,2024-12-06,
Marshall Wace LLP,Andritz AG,AT0000730007,2024-11-29,0.6,2024-12-02,
Marshall Wace LLP,Andritz AG,AT0000730007,2024-11-15,0.5,2024-11-18,
Marshall Wace LLP,Andritz AG,AT0000730007,2024-11-14,0.49,2024-11-15,
Marshall Wace LLP,Andritz AG,AT0000730007,2024-11-05,0.51,2024-11-06,
Marshall Wace LLP,Andritz AG,AT0000730007,2021-03-18,0.49,2021-03-19,
Marshall Wace LLP,Andritz AG,AT0000730007,2021-03-15,0.5,2021-03-16,
Marshall Wace LLP,Andritz AG,AT0000730007,2021-03-04,0.47,2021-03-05,
Marshall Wace LLP,Andritz AG,AT0000730007,2021-02-17,0.6,2021-02-18,
Marshall Wace LLP,Andritz AG,AT0000730007,2020-12-28,0.5,2020-12-29,
Marshall Wace LLP,Andritz AG,AT0000730007,2020-12-21,0.49,2020-12-22,
Marshall Wace LLP,Andritz AG,AT0000730007,2020-12-16,0.5,2020-12-17,
Marshall Wace LLP,Andritz AG,AT0000730007,2020-12-15,0.49,2020-12-16,
Marshall Wace LLP,Andritz AG,AT0000730007,2020-07-23,0.59,2020-07-24,
Marshall Wace LLP,Andritz AG,AT0000730007,2020-06-19,0.61,2020-06-22,
Marshall Wace LLP,BAWAG Group AG,AT0000BAWAG2,2023-03-20,0.38,2023-03-21,
Marshall Wace LLP,BAWAG Group AG,AT0000BAWAG2,2023-03-17,0.55,2023-03-20,
Marshall Wace LLP,BAWAG Group AG,AT0000BAWAG2,2023-03-14,0.69,2023-03-15,
Marshall Wace LLP,BAWAG Group AG,AT0000BAWAG2,2023-03-07,0.72,2023-03-08,
Marshall Wace LLP,BAWAG Group AG,AT0000BAWAG2,2023-02-16,0.62,2023-02-17,
Marshall Wace LLP,BAWAG Group AG,AT0000BAWAG2,2023-02-13,0.5,2023-02-14,
Marshall Wace LLP,BAWAG Group AG,AT0000BAWAG2,2022-12-12,0.48,2022-12-13,
Marshall Wace LLP,BAWAG Group AG,AT0000BAWAG2,2022-11-28,0.54,2022-11-29,
Marshall Wace LLP,BAWAG Group AG,AT0000BAWAG2,2022-11-22,0.6,2022-11-23,
Marshall Wace LLP,BAWAG Group AG,AT0000BAWAG2,2022-11-15,0.54,2022-11-16,
Marshall Wace LLP,BAWAG Group AG,AT0000BAWAG2,2021-04-26,0.49,2021-04-27,
Marshall Wace LLP,BAWAG Group AG,AT0000BAWAG2,2021-03-16,0.5,2021-03-17,
Marshall Wace LLP,CA Immobilien Anlagen Aktiengesellschaft,AT0000641352,2024-08-12,0.46,2024-08-13,
Marshall Wace LLP,CA Immobilien Anlagen Aktiengesellschaft,AT0000641352,2024-08-05,0.54,2024-08-06,
Marshall Wace LLP,Erste Group Bank AG,AT0000652011,2025-02-28,0.38,2025-03-03,
Marshall Wace LLP,Erste Group Bank AG,AT0000652011,2025-02-27,0.51,2025-02-28,
Marshall Wace LLP,Erste Group Bank AG,AT0000652011,2020-09-09,0.48,2020-09-10,
Marshall Wace LLP,Erste Group Bank AG,AT0000652011,2020-07-09,0.5,2020-07-10,
Marshall Wace LLP,SCHOELLER-BLECKMANN OILFIELD EQUIPMENT Aktiengesellschaft,AT0000946652,2025-04-30,0.8,2025-05-01,
Marshall Wace LLP,SCHOELLER-BLECKMANN OILFIELD EQUIPMENT Aktiengesellschaft,AT0000946652,2025-04-09,0.7,2025-04-10,
Marshall Wace LLP,SCHOELLER-BLECKMANN OILFIELD EQUIPMENT Aktiengesellschaft,AT0000946652,2025-04-01,0.6,2025-04-02,
Marshall Wace LLP,SCHOELLER-BLECKMANN OILFIELD EQUIPMENT Aktiengesellschaft,AT0000946652,2025-03-19,0.51,2025-03-20,
Marshall Wace LLP,voestalpine AG,AT0000937503,2024-11-28,0.48,2024-11-29,
Marshall Wace LLP,voestalpine AG,AT0000937503,2024-11-27,0.5,2024-11-28,
Marshall Wace LLP,voestalpine AG,AT0000937503,2024-11-25,0.49,2024-11-26,
Marshall Wace LLP,voestalpine AG,AT0000937503,2024-11-21,0.58,2024-11-22,
Marshall Wace LLP,voestalpine AG,AT0000937503,2024-11-20,0.6,2024-11-21,
Marshall Wace LLP,voestalpine AG,AT0000937503,2024-10-31,0.58,2024-11-01,
Marshall Wace LLP,voestalpine AG,AT0000937503,2024-10-30,0.6,2024-10-31,
Marshall Wace LLP,voestalpine AG,AT0000937503,2024-10-17,0.5,2024-10-18,
Marshall Wace LLP,voestalpine AG,AT0000937503,2023-01-13,0.49,2023-01-16,
Marshall Wace LLP,voestalpine AG,AT0000937503,2022-11-04,0.59,2022-11-07,
Marshall Wace LLP,voestalpine AG,AT0000937503,2022-10-14,0.6,2022-10-17,
Marshall Wace LLP,voestalpine AG,AT0000937503,2022-09-13,0.57,2022-09-14,
Marshall Wace LLP,voestalpine AG,AT0000937503,2022-08-11,0.6,2022-08-12,
Marshall Wace LLP,voestalpine AG,AT0000937503,2022-07-22,0.59,2022-07-25,
Marshall Wace LLP,voestalpine AG,AT0000937503,2022-07-11,0.69,2022-07-12,
Marshall Wace LLP,voestalpine AG,AT0000937503,2022-07-05,0.71,2022-07-06,
Marshall Wace LLP,voestalpine AG,AT0000937503,2022-05-09,0.61,2022-05-10,
Marshall Wace LLP,voestalpine AG,AT0000937503,2022-04-26,0.59,2022-04-27,
Marshall Wace LLP,voestalpine AG,AT0000937503,2022-04-22,0.68,2022-04-25,
Marshall Wace LLP,voestalpine AG,AT0000937503,2022-04-21,0.71,2022-04-22,
Marshall Wace LLP,voestalpine AG,AT0000937503,2022-04-20,0.69,2022-04-21,
Marshall Wace LLP,voestalpine AG,AT0000937503,2022-04-14,0.7,2022-04-19,
Marshall Wace LLP,voestalpine AG,AT0000937503,2022-04-06,0.63,2022-04-07,
Marshall Wace LLP,voestalpine AG,AT0000937503,2022-03-22,0.5,2022-03-23,
Marshall Wace LLP,voestalpine AG,AT0000937503,2020-09-07,0.49,2020-09-08,
Marshall Wace LLP,voestalpine AG,AT0000937503,2020-08-12,0.5,2020-08-13,
Marshall Wace LLP,voestalpine AG,AT0000937503,2020-07-24,0.49,2020-07-27,
Marshall Wace LLP,voestalpine AG,AT0000937503,2020-07-02,0.51,2020-07-03,
Marshall Wace LLP,voestalpine AG,AT0000937503,2020-06-18,0.49,2020-06-19,
Marshall Wace LLP,voestalpine AG,AT0000937503,2020-06-08,0.58,2020-06-09,
Marshall Wace LLP,voestalpine AG,AT0000937503,2020-06-04,0.66,2020-06-05,
Marshall Wace LLP,voestalpine AG,AT0000937503,2020-05-29,0.76,2020-06-01,
Millennium Capital Partners LLP,voestalpine AG,AT0000937503,2025-03-11,0.02,2025-03-12,
Millennium Capital Partners LLP,voestalpine AG,AT0000937503,2025-03-05,0.68,2025-03-06,
Millennium Capital Partners LLP,voestalpine AG,AT0000937503,2025-03-04,0.7,2025-03-05,
Millennium Capital Partners LLP,voestalpine AG,AT0000937503,2025-02-13,0.61,2025-02-14,
Millennium Capital Partners LLP,voestalpine AG,AT0000937503,2025-02-06,0.51,2025-02-07,
Millennium Capital Partners LLP,voestalpine AG,AT0000937503,2023-08-23,0.48,2023-08-24,
Millennium Capital Partners LLP,voestalpine AG,AT0000937503,2023-08-16,0.5,2023-08-17,
Millennium Capital Partners LLP,voestalpine AG,AT0000937503,2023-08-14,0.48,2023-08-15,
Millennium Capital Partners LLP,voestalpine AG,AT0000937503,2023-06-16,0.5,2023-06-19,
Millennium Capital Partners LLP,voestalpine AG,AT0000937503,2023-06-15,0.49,2023-06-16,
Millennium Capital Partners LLP,voestalpine AG,AT0000937503,2023-06-14,0.5,2023-06-15,
Millennium Capital Partners LLP,voestalpine AG,AT0000937503,2023-05-23,0.49,2023-05-24,
Millennium Capital Partners LLP,voestalpine AG,AT0000937503,2023-05-05,0.57,2023-05-08,
Millennium Capital Partners LLP,voestalpine AG,AT0000937503,2023-05-03,0.6,2023-05-04,
Millennium Capital Partners LLP,voestalpine AG,AT0000937503,2023-04-19,0.52,2023-04-20,
Millennium Capital Partners LLP,voestalpine AG,AT0000937503,2023-04-13,0.7,2023-04-14,
Millennium Capital Partners LLP,voestalpine AG,AT0000937503,2023-04-11,0.69,2023-04-12,
Millennium Capital Partners LLP,voestalpine AG,AT0000937503,2023-03-20,0.72,2023-03-21,
Millennium Capital Partners LLP,voestalpine AG,AT0000937503,2023-02-21,0.6,2023-02-22,
Millennium Capital Partners LLP,voestalpine AG,AT0000937503,2023-02-13,0.52,2023-02-14,
Millennium International Management LP,Andritz AG,AT0000730007,2024-10-31,0.42,2024-11-01,
Millennium International Management LP,Andritz AG,AT0000730007,2024-10-15,0.52,2024-10-16,
Millennium International Management LP,Andritz AG,AT0000730007,2020-11-30,0.01,2020-12-01,
Millennium International Management LP,Andritz AG,AT0000730007,2020-11-27,1.13,2020-11-30,
Millennium International Management LP,Andritz AG,AT0000730007,2020-11-25,1.07,2020-11-26,
Millennium International Management LP,Andritz AG,AT0000730007,2020-11-24,0.93,2020-11-25,
Millennium International Management LP,Andritz AG,AT0000730007,2020-11-23,0.82,2020-11-24,
Millennium International Management LP,Andritz AG,AT0000730007,2020-11-19,0.6,2020-11-20,
Millennium International Management LP,Andritz AG,AT0000730007,2020-11-18,0.53,2020-11-19,
Millennium International Management LP,Raiffeisen Bank International AG,AT0000606306,2022-05-31,0.0,2022-06-01,
Millennium International Management LP,Raiffeisen Bank International AG,AT0000606306,2022-05-27,0.82,2022-05-30,
Millennium International Management LP,Raiffeisen Bank International AG,AT0000606306,2022-05-26,0.75,2022-05-27,
Millennium International Management LP,Raiffeisen Bank International AG,AT0000606306,2022-05-25,0.67,2022-05-26,
Millennium International Management LP,Raiffeisen Bank International AG,AT0000606306,2022-05-24,0.55,2022-05-25,
Millennium International Management LP,VERBUND AG,AT0000746409,2021-04-16,0.0,2021-04-19,
Millennium International Management LP,VERBUND AG,AT0000746409,2021-04-14,0.5,2021-04-15,
Millennium International Management LP,voestalpine AG,AT0000937503,2024-11-25,0.0,2024-11-26,
Millennium International Management LP,voestalpine AG,AT0000937503,2024-11-22,0.97,2024-11-25,
Millennium International Management LP,voestalpine AG,AT0000937503,2024-11-21,0.87,2024-11-22,
Millennium International Management LP,voestalpine AG,AT0000937503,2024-11-20,0.77,2024-11-21,
Millennium International Management LP,voestalpine AG,AT0000937503,2024-11-19,0.65,2024-11-20,
Millennium International Management LP,voestalpine AG,AT0000937503,2024-11-15,0.5,2024-11-18,
Millennium International Management LP,voestalpine AG,AT0000937503,2023-08-09,0.49,2023-08-10,
Millennium International Management LP,voestalpine AG,AT0000937503,2023-08-08,0.5,2023-08-09,
Millennium International Management LP,voestalpine AG,AT0000937503,2023-04-20,0.48,2023-04-21,
Millennium International Management LP,voestalpine AG,AT0000937503,2023-04-19,0.52,2023-04-20,
Millennium International Management LP,voestalpine AG,AT0000937503,2023-04-13,0.6,2023-04-14,
Millennium International Management LP,voestalpine AG,AT0000937503,2023-04-04,0.59,2023-04-05,
Millennium International Management LP,voestalpine AG,AT0000937503,2023-03-31,0.61,2023-04-03,
Millennium International Management LP,voestalpine AG,AT0000937503,2023-02-13,0.5,2023-02-14,
Millennium International Management LP,voestalpine AG,AT0000937503,2022-12-27,0.49,2022-12-28,
Millennium International Management LP,voestalpine AG,AT0000937503,2022-12-22,0.5,2022-12-23,
Millennium International Management LP,voestalpine AG,AT0000937503,2022-12-21,0.49,2022-12-22,
Millennium International Management LP,voestalpine AG,AT0000937503,2022-11-25,0.59,2022-11-28,
Millennium International Management LP,voestalpine AG,AT0000937503,2022-11-11,0.61,2022-11-14,
Millennium International Management LP,voestalpine AG,AT0000937503,2022-11-07,0.54,2022-11-08,
Millennium International Management LP,Wienerberger AG,AT0000831706,2024-05-03,0.29,2024-05-06,
Millennium International Management LP,Wienerberger AG,AT0000831706,2024-05-02,0.5,2024-05-03,
Millennium International Management LP,Wienerberger AG,AT0000831706,2024-04-29,0.68,2024-04-30,
Millennium International Management LP,Wienerberger AG,AT0000831706,2024-04-26,0.8,2024-04-29,
Millennium International Management LP,Wienerberger AG,AT0000831706,2024-04-24,1.08,2024-04-25,
Millennium International Management LP,Wienerberger AG,AT0000831706,2024-04-23,1.1,2024-04-24,
Millennium International Management LP,Wienerberger AG,AT0000831706,2024-04-19,0.91,2024-04-22,
Millennium International Management LP,Wienerberger AG,AT0000831706,2024-04-18,0.86,2024-04-19,
Millennium International Management LP,Wienerberger AG,AT0000831706,2024-04-17,0.78,2024-04-18,
Millennium International Management LP,Wienerberger AG,AT0000831706,2024-04-15,0.61,2024-04-16,
Millennium International Management LP,Wienerberger AG,AT0000831706,2024-04-11,0.54,2024-04-12,
Millennium International Management LP,Zumtobel Group AG,AT0000837307,2022-05-31,0.0,2022-06-01,
Millennium International Management LP,Zumtobel Group AG,AT0000837307,2022-05-27,0.55,2022-05-30,
Millennium International Management LP,Zumtobel Group AG,AT0000837307,2021-03-19,0.0,2021-03-22,
Millennium International Management LP,Zumtobel Group AG,AT0000837307,2021-03-17,0.5,2021-03-18,
Naya Capital Management UK Limited,Andritz AG,AT0000730007,2022-11-09,0.46,2022-11-10,
Naya Capital Management UK Limited,Andritz AG,AT0000730007,2022-11-04,0.55,2022-11-07,
Naya Capital Management UK Limited,Andritz AG,AT0000730007,2022-06-30,0.69,2022-07-01,
Naya Capital Management UK Limited,Andritz AG,AT0000730007,2022-04-05,0.74,2022-04-06,
Naya Capital Management UK Limited,Andritz AG,AT0000730007,2022-04-04,0.69,2022-04-05,
Naya Capital Management UK Limited,Andritz AG,AT0000730007,2022-04-01,0.59,2022-04-04,
Otus Capital Management,Andritz AG,AT0000730007,2023-10-02,0.1,2023-10-03,
Otus Capital Management,Andritz AG,AT0000730007,2023-07-27,0.9,2023-07-28,
Pantechnicon Advisors LLP,Wienerberger AG,AT0000831706,2024-01-24,0.49,2024-01-25,
Pantechnicon Advisors LLP,Wienerberger AG,AT0000831706,2024-01-17,0.59,2024-01-18,
Pantechnicon Advisors LLP,Wienerberger AG,AT0000831706,2024-01-16,0.64,2024-01-17,
Pantechnicon Advisors LLP,Wienerberger AG,AT0000831706,2024-01-12,0.76,2024-01-15,
Pantechnicon Advisors LLP,Wienerberger AG,AT0000831706,2024-01-03,0.8,2024-01-04,
Pantechnicon Advisors LLP,Wienerberger AG,AT0000831706,2023-11-22,0.79,2023-11-23,
Pantechnicon Advisors LLP,Wienerberger AG,AT0000831706,2023-11-10,0.85,2023-11-13,
Pantechnicon Advisors LLP,Wienerberger AG,AT0000831706,2023-10-31,0.7,2023-11-01,
Pantechnicon Advisors LLP,Wienerberger AG,AT0000831706,2023-10-30,0.69,2023-10-31,
Pelham Global Financials Ltd,Raiffeisen Bank International AG,AT0000606306,2022-05-12,0.43,2022-05-13,
Pelham Global Financials Ltd,Raiffeisen Bank International AG,AT0000606306,2022-05-06,0.55,2022-05-09,
Pelham Global Financials Ltd,Raiffeisen Bank International AG,AT0000606306,2022-04-07,0.62,2022-04-08,
Pelham Global Financials Ltd,Raiffeisen Bank International AG,AT0000606306,2022-03-08,0.52,2022-03-09,
Petrus Advisers Ltd.,BAWAG Group AG,AT0000BAWAG2,2023-09-21,0.39,2023-09-22,
Petrus Advisers Ltd.,BAWAG Group AG,AT0000BAWAG2,2023-09-20,0.52,2023-09-21,
Petrus Advisers Ltd.,BAWAG Group AG,AT0000BAWAG2,2023-07-14,0.32,2023-07-17,
Petrus Advisers Ltd.,BAWAG Group AG,AT0000BAWAG2,2023-07-06,0.52,2023-07-07,
Pictet Asset Management SA,voestalpine AG,AT0000937503,2020-10-22,0.47,2020-10-23,
Pictet Asset Management SA,voestalpine AG,AT0000937503,2020-09-17,0.56,2020-09-18,
Pictet Asset Management SA,voestalpine AG,AT0000937503,2020-08-12,0.69,2020-08-13,
Pictet Asset Management SA,voestalpine AG,AT0000937503,2020-08-04,0.79,2020-08-05,
Pictet Asset Management SA,voestalpine AG,AT0000937503,2020-07-15,0.84,2020-07-16,
Pictet Asset Management SA,voestalpine AG,AT0000937503,2020-06-25,1.09,2020-06-26,
Pictet Asset Management SA,voestalpine AG,AT0000937503,2020-06-24,1.12,2020-06-25,
Pictet Asset Management SA,voestalpine AG,AT0000937503,2020-06-04,1.2,2020-06-15,
Pictet Asset Management SA,voestalpine AG,AT0000937503,2020-06-04,1.2,2020-06-05,2020-06-15
Pictet Asset Management SA,voestalpine AG,AT0000937503,2020-05-01,1.37,2020-05-26,
"Point72 Asset Management, L.P.",AT & S Austria Technologie & Systemtechnik Aktiengesellschaft,AT0000969985,2023-03-17,0.48,2023-03-20,
"Point72 Asset Management, L.P.",AT & S Austria Technologie & Systemtechnik Aktiengesellschaft,AT0000969985,2023-03-06,0.59,2023-03-07,
"Point72 Asset Management, L.P.",AT & S Austria Technologie & Systemtechnik Aktiengesellschaft,AT0000969985,2023-02-28,0.67,2023-03-01,
"Point72 Asset Management, L.P.",AT & S Austria Technologie & Systemtechnik Aktiengesellschaft,AT0000969985,2023-01-31,0.79,2023-02-01,
"Point72 Asset Management, L.P.",AT & S Austria Technologie & Systemtechnik Aktiengesellschaft,AT0000969985,2022-11-07,0.82,2022-11-08,
"Point72 Asset Management, L.P.",AT & S Austria Technologie & Systemtechnik Aktiengesellschaft,AT0000969985,2022-11-04,0.75,2022-11-07,
"Point72 Asset Management, L.P.",AT & S Austria Technologie & Systemtechnik Aktiengesellschaft,AT0000969985,2022-11-02,0.67,2022-11-03,
"Point72 Asset Management, L.P.",AT & S Austria Technologie & Systemtechnik Aktiengesellschaft,AT0000969985,2022-07-21,0.7,2022-07-22,
"Point72 Asset Management, L.P.",AT & S Austria Technologie & Systemtechnik Aktiengesellschaft,AT0000969985,2022-07-08,0.63,2022-07-10,
"Point72 Asset Management, L.P.",AT & S Austria Technologie & Systemtechnik Aktiengesellschaft,AT0000969985,2022-07-01,0.55,2022-07-04,
"Point72 Asset Management, L.P.",Wienerberger AG,AT0000831706,2025-04-15,0.49,2025-04-16,
"Point72 Asset Management, L.P.",Wienerberger AG,AT0000831706,2025-03-21,0.5,2025-03-24,
Point72 Europe (London) LLP,Wienerberger AG,AT0000831706,2025-02-26,0.42,2025-02-27,
Point72 Europe (London) LLP,Wienerberger AG,AT0000831706,2025-02-17,0.64,2025-02-18,
Point72 Europe (London) LLP,Wienerberger AG,AT0000831706,2025-02-14,0.8,2025-02-17,
Point72 Europe (London) LLP,Wienerberger AG,AT0000831706,2024-12-30,0.93,2024-12-31,
Point72 Europe (London) LLP,Wienerberger AG,AT0000831706,2024-12-20,0.82,2024-12-23,
Point72 Europe (London) LLP,Wienerberger AG,AT0000831706,2024-11-12,0.77,2024-11-13,
Point72 Europe (London) LLP,Wienerberger AG,AT0000831706,2024-10-15,0.62,2024-10-16,
Point72 Europe (London) LLP,Wienerberger AG,AT0000831706,2024-09-27,0.53,2024-09-30,
Point72 Europe (London) LLP,Wienerberger AG,AT0000831706,2024-08-01,0.38,2024-08-02,
Point72 Europe (London) LLP,Wienerberger AG,AT0000831706,2024-07-17,0.5,2024-07-18,
QUARTYS Limited,PORR AG,AT0000609607,2021-11-08,0.49,2021-11-09,
QUARTYS Limited,PORR AG,AT0000609607,2021-11-02,0.74,2021-11-03,
QUARTYS Limited,PORR AG,AT0000609607,2021-11-01,0.69,2021-11-02,
QUARTYS Limited,PORR AG,AT0000609607,2021-10-29,0.55,2021-11-01,
Qube Research & Technologies Limited,AT & S Austria Technologie & Systemtechnik Aktiengesellschaft,AT0000969985,2025-04-03,0.0,2025-04-04,
Qube Research & Technologies Limited,AT & S Austria Technologie & Systemtechnik Aktiengesellschaft,AT0000969985,2025-03-17,1.29,2025-03-18,
Qube Research & Technologies Limited,AT & S Austria Technologie & Systemtechnik Aktiengesellschaft,AT0000969985,2025-03-03,1.3,2025-03-04,
Qube Research & Technologies Limited,AT & S Austria Technologie & Systemtechnik Aktiengesellschaft,AT0000969985,2025-02-28,1.28,2025-03-03,
Qube Research & Technologies Limited,AT & S Austria Technologie & Systemtechnik Aktiengesellschaft,AT0000969985,2025-01-31,1.5,2025-02-03,
Qube Research & Technologies Limited,AT & S Austria Technologie & Systemtechnik Aktiengesellschaft,AT0000969985,2025-01-09,1.4,2025-01-10,
Qube Research & Technologies Limited,AT & S Austria Technologie & Systemtechnik Aktiengesellschaft,AT0000969985,2025-01-02,1.3,2025-01-03,
Qube Research & Technologies Limited,AT & S Austria Technologie & Systemtechnik Aktiengesellschaft,AT0000969985,2024-12-20,1.21,2024-12-23,
Qube Research & Technologies Limited,AT & S Austria Technologie & Systemtechnik Aktiengesellschaft,AT0000969985,2024-12-18,1.17,2024-12-19,
Qube Research & Technologies Limited,AT & S Austria Technologie & Systemtechnik Aktiengesellschaft,AT0000969985,2024-12-05,1.02,2024-12-06,
Qube Research & Technologies Limited,AT & S Austria Technologie & Systemtechnik Aktiengesellschaft,AT0000969985,2024-12-04,0.99,2024-12-05,
Qube Research & Technologies Limited,AT & S Austria Technologie & Systemtechnik Aktiengesellschaft,AT0000969985,2024-12-03,1.0,2024-12-04,
Qube Research & Technologies Limited,AT & S Austria Technologie & Systemtechnik Aktiengesellschaft,AT0000969985,2024-11-25,0.9,2024-11-26,
Qube Research & Technologies Limited,AT & S Austria Technologie & Systemtechnik Aktiengesellschaft,AT0000969985,2024-01-02,1.3,2025-01-03,2025-01-03
Qube Research & Technologies Limited,CA Immobilien Anlagen Aktiengesellschaft,AT0000641352,2025-01-21,0.0,2025-01-22,
Qube Research & Technologies Limited,CA Immobilien Anlagen Aktiengesellschaft,AT0000641352,2024-12-09,0.89,2024-12-10,
Qube Research & Technologies Limited,CA Immobilien Anlagen Aktiengesellschaft,AT0000641352,2024-12-06,0.9,2024-12-09,
Qube Research and Technologies,AT & S Austria Technologie & Systemtechnik Aktiengesellschaft,AT0000969985,2024-11-19,0.81,2024-11-20,
Qube Research and Technologies,AT & S Austria Technologie & Systemtechnik Aktiengesellschaft,AT0000969985,2024-09-26,0.7,2024-09-27,
Qube Research and Technologies,AT & S Austria Technologie & Systemtechnik Aktiengesellschaft,AT0000969985,2024-08-01,0.62,2024-08-02,
Qube Research and Technologies,AT & S Austria Technologie & Systemtechnik Aktiengesellschaft,AT0000969985,2024-07-31,0.59,2024-08-01,
Qube Research and Technologies,AT & S Austria Technologie & Systemtechnik Aktiengesellschaft,AT0000969985,2024-07-19,0.6,2024-07-22,
Qube Research and Technologies,AT & S Austria Technologie & Systemtechnik Aktiengesellschaft,AT0000969985,2024-06-17,0.5,2024-06-18,
Qube Research and Technologies,CA Immobilien Anlagen Aktiengesellschaft,AT0000641352,2024-11-12,0.8,2024-11-13,
Qube Research and Technologies,CA Immobilien Anlagen Aktiengesellschaft,AT0000641352,2024-10-31,0.79,2024-11-01,
Qube Research and Technologies,CA Immobilien Anlagen Aktiengesellschaft,AT0000641352,2024-10-23,0.8,2024-10-24,
Qube Research and Technologies,CA Immobilien Anlagen Aktiengesellschaft,AT0000641352,2024-10-08,0.71,2024-10-09,
Qube Research and Technologies,CA Immobilien Anlagen Aktiengesellschaft,AT0000641352,2024-10-04,0.61,2024-10-04,2024-10-04
Qube Research and Technologies,CA Immobilien Anlagen Aktiengesellschaft,AT0000641352,2024-10-03,0.61,2024-10-04,
Qube Research and Technologies,CA Immobilien Anlagen Aktiengesellschaft,AT0000641352,2024-10-01,0.54,2024-10-02,
Qube Research and Technologies,CA Immobilien Anlagen Aktiengesellschaft,AT0000641352,2024-09-23,0.47,2024-09-24,
Qube Research and Technologies,CA Immobilien Anlagen Aktiengesellschaft,AT0000641352,2024-09-20,0.51,2024-09-23,
Qube Research and Technologies,CA Immobilien Anlagen Aktiengesellschaft,AT0000641352,2024-09-18,0.49,2024-09-19,
Qube Research and Technologies,CA Immobilien Anlagen Aktiengesellschaft,AT0000641352,2024-09-13,0.57,2024-09-16,
Qube Research and Technologies,CA Immobilien Anlagen Aktiengesellschaft,AT0000641352,2024-09-12,0.61,2024-09-13,
Qube Research and Technologies,CA Immobilien Anlagen Aktiengesellschaft,AT0000641352,2024-09-11,0.59,2024-09-12,
Qube Research and Technologies,Wienerberger AG,AT0000831706,2024-07-31,0.42,2024-08-01,
Qube Research and Technologies,Wienerberger AG,AT0000831706,2024-07-24,0.58,2024-07-25,
Qube Research and Technologies,Wienerberger AG,AT0000831706,2024-07-23,0.6,2024-07-24,
Qube Research and Technologies,Wienerberger AG,AT0000831706,2024-07-22,0.59,2024-07-23,
Qube Research and Technologies,Wienerberger AG,AT0000831706,2024-07-03,0.67,2024-07-04,
Qube Research and Technologies,Wienerberger AG,AT0000831706,2024-06-26,0.77,2024-06-27,
Qube Research and Technologies,Wienerberger AG,AT0000831706,2024-06-24,0.85,2024-06-25,
Qube Research and Technologies,Wienerberger AG,AT0000831706,2024-06-21,0.9,2024-06-24,
Qube Research and Technologies,Wienerberger AG,AT0000831706,2024-06-13,0.83,2024-06-14,
Qube Research and Technologies,Wienerberger AG,AT0000831706,2024-06-06,0.71,2024-06-07,
Qube Research and Technologies,Wienerberger AG,AT0000831706,2024-05-29,0.61,2024-05-30,
Qube Research and Technologies,Wienerberger AG,AT0000831706,2024-05-17,0.51,2024-05-20,
Qube Research and Technologies,Wienerberger AG,AT0000831706,2024-05-16,0.49,2024-05-17,
Qube Research and Technologies,Wienerberger AG,AT0000831706,2024-05-10,0.53,2024-05-13,
Qube Research and Technologies,Wienerberger AG,AT0000831706,2024-05-09,0.48,2024-05-10,
Qube Research and Technologies,Wienerberger AG,AT0000831706,2024-05-08,0.5,2024-05-09,
Qube Research and Technologies,Wienerberger AG,AT0000831706,2024-03-14,0.49,2024-03-15,
Qube Research and Technologies,Wienerberger AG,AT0000831706,2024-03-04,0.59,2024-03-05,
Qube Research and Technologies,Wienerberger AG,AT0000831706,2024-01-30,0.6,2024-01-31,
Qube Research and Technologies,Wienerberger AG,AT0000831706,2024-01-29,0.52,2024-01-30,
Rye Bay Capital LLP,Lenzing Aktiengesellschaft,AT0000644505,2021-01-13,0.43,2021-01-14,
Rye Bay Capital LLP,Lenzing Aktiengesellschaft,AT0000644505,2021-01-12,0.51,2021-01-13,
Rye Bay Capital LLP,Lenzing Aktiengesellschaft,AT0000644505,2020-12-16,0.69,2020-12-17,
Rye Bay Capital LLP,Lenzing Aktiengesellschaft,AT0000644505,2020-12-14,0.79,2020-12-15,
Rye Bay Capital LLP,Lenzing Aktiengesellschaft,AT0000644505,2020-10-30,0.82,2020-11-02,
Rye Bay Capital LLP,Lenzing Aktiengesellschaft,AT0000644505,2020-10-29,0.93,2020-10-30,
Rye Bay Capital LLP,Lenzing Aktiengesellschaft,AT0000644505,2020-10-28,1.1,2020-10-29,
Rye Bay Capital LLP,PORR AG,AT0000609607,2021-05-04,0.47,2021-05-05,
Rye Bay Capital LLP,PORR AG,AT0000609607,2021-05-03,0.74,2021-05-04,
Rye Bay Capital LLP,PORR AG,AT0000609607,2021-04-28,0.87,2021-04-29,
Rye Bay Capital LLP,PORR AG,AT0000609607,2021-04-27,0.9,2021-04-28,
Rye Bay Capital LLP,PORR AG,AT0000609607,2021-04-26,1.05,2021-04-27,
Rye Bay Capital LLP,PORR AG,AT0000609607,2021-04-12,1.4,2021-04-13,
Rye Bay Capital LLP,PORR AG,AT0000609607,2021-04-08,1.68,2021-04-09,
Rye Bay Capital LLP,PORR AG,AT0000609607,2021-04-06,1.73,2021-04-07,
Sandbar Asset Management,Andritz AG,AT0000730007,2020-10-19,0.44,2020-10-20,
Sandbar Asset Management,Andritz AG,AT0000730007,2020-10-13,0.56,2020-10-14,
Sandbar Asset Management,Andritz AG,AT0000730007,2020-10-07,0.66,2020-10-08,
Sandbar Asset Management,Andritz AG,AT0000730007,2020-10-05,0.7,2020-10-06,
Sandbar Asset Management,Andritz AG,AT0000730007,2020-09-30,0.62,2020-10-01,
Sandbar Asset Management,Andritz AG,AT0000730007,2020-09-29,0.59,2020-09-30,
Sandbar Asset Management,Andritz AG,AT0000730007,2020-09-24,0.49,2020-09-25,
Sandbar Asset Management,Andritz AG,AT0000730007,2020-09-22,0.5,2020-09-23,
Sandbar Asset Management,Andritz AG,AT0000730007,2020-09-14,0.45,2020-09-15,
Sandbar Asset Management,Andritz AG,AT0000730007,2020-08-31,0.54,2020-09-01,
Sculptor Capital Management Europe Limited,IMMOFINANZ AG,AT0000A21KS2,2022-01-21,0.0,2022-01-24,
Sculptor Capital Management Europe Limited,IMMOFINANZ AG,AT0000A21KS2,2022-01-20,1.1,2022-01-21,
Sculptor Capital Management Europe Limited,IMMOFINANZ AG,AT0000A21KS2,2022-01-06,1.28,2022-01-07,
Sculptor Capital Management Europe Limited,IMMOFINANZ AG,AT0000A21KS2,2021-10-15,0.52,2021-10-18,
Sculptor Capital Management Europe Limited,IMMOFINANZ AG,AT0000A21KS2,2021-09-08,0.48,2021-09-09,
Sculptor Capital Management Europe Limited,IMMOFINANZ AG,AT0000A21KS2,2021-08-31,0.5,2021-09-01,
"SIH Partners, LLLP",CA Immobilien Anlagen Aktiengesellschaft,AT0000641352,2024-03-20,0.0,2024-03-21,
"SIH Partners, LLLP",CA Immobilien Anlagen Aktiengesellschaft,AT0000641352,2024-03-19,0.53,2024-03-20,
"SIH Partners, LLLP",IMMOFINANZ AG,AT0000A21KS2,2024-10-01,0.49,2024-10-02,
"SIH Partners, LLLP",IMMOFINANZ AG,AT0000A21KS2,2024-09-23,0.58,2024-09-24,
"SIH Partners, LLLP",IMMOFINANZ AG,AT0000A21KS2,2024-09-20,0.61,2024-09-23,
"SIH Partners, LLLP",IMMOFINANZ AG,AT0000A21KS2,2024-09-19,0.87,2024-09-20,
"SIH Partners, LLLP",IMMOFINANZ AG,AT0000A21KS2,2024-09-17,0.26,2024-09-18,
"SIH Partners, LLLP",IMMOFINANZ AG,AT0000A21KS2,2024-09-16,0.74,2024-09-17,
"SIH Partners, LLLP",IMMOFINANZ AG,AT0000A21KS2,2024-09-13,0.69,2024-09-16,
"SIH Partners, LLLP",IMMOFINANZ AG,AT0000A21KS2,2024-09-12,0.7,2024-09-13,
"SIH Partners, LLLP",IMMOFINANZ AG,AT0000A21KS2,2024-09-11,0.61,2024-09-12,
"SIH Partners, LLLP",IMMOFINANZ AG,AT0000A21KS2,2024-09-10,0.71,2024-09-11,
"SIH Partners, LLLP",IMMOFINANZ AG,AT0000A21KS2,2024-09-09,0.65,2024-09-10,
"SIH Partners, LLLP",IMMOFINANZ AG,AT0000A21KS2,2024-09-06,0.76,2024-09-09,
"SIH Partners, LLLP",IMMOFINANZ AG,AT0000A21KS2,2024-09-04,0.61,2024-09-05,
"SIH Partners, LLLP",IMMOFINANZ AG,AT0000A21KS2,2024-08-02,0.75,2024-08-05,
"SIH Partners, LLLP",IMMOFINANZ AG,AT0000A21KS2,2024-07-26,0.61,2024-07-29,
"SIH Partners, LLLP",IMMOFINANZ AG,AT0000A21KS2,2024-07-23,0.56,2024-07-24,
"SIH Partners, LLLP",IMMOFINANZ AG,AT0000A21KS2,2024-07-19,0.6,2024-07-22,
"SIH Partners, LLLP",IMMOFINANZ AG,AT0000A21KS2,2024-07-17,0.57,2024-07-18,
"SIH Partners, LLLP",IMMOFINANZ AG,AT0000A21KS2,2024-07-09,0.62,2024-07-10,
"SIH Partners, LLLP",IMMOFINANZ AG,AT0000A21KS2,2024-07-03,0.51,2024-07-04,
"SIH Partners, LLLP",IMMOFINANZ AG,AT0000A21KS2,2024-07-02,0.47,2024-07-03,
"SIH Partners, LLLP",IMMOFINANZ AG,AT0000A21KS2,2024-07-01,0.5,2024-07-02,
Susquehanna International Group Limited,Wienerberger AG,AT0000831706,2024-06-24,0.0,2024-06-24,
Susquehanna International Group Limited,Wienerberger AG,AT0000831706,2024-06-17,0.51,2024-06-18,
Susquehanna International Group Limited,Wienerberger AG,AT0000831706,2024-06-14,0.49,2024-06-17,
Susquehanna International Group Limited,Wienerberger AG,AT0000831706,2024-06-13,0.68,2024-06-14,
Susquehanna International Group Limited,Wienerberger AG,AT0000831706,2024-06-12,0.73,2024-06-13,
Susquehanna International Group Limited,Wienerberger AG,AT0000831706,2024-06-06,0.66,2024-06-07,
Susquehanna International Group Limited,Wienerberger AG,AT0000831706,2024-05-27,0.52,2024-05-28,
Susquehanna International Holdings LLC,PORR AG,AT0000609607,2021-11-04,0.0,2021-11-05,
Susquehanna International Holdings LLC,PORR AG,AT0000609607,2021-11-01,0.71,2021-11-02,
Susquehanna International Holdings LLC,PORR AG,AT0000609607,2021-10-29,0.65,2021-11-01,
Susquehanna International Holdings LLC,PORR AG,AT0000609607,2021-10-28,0.56,2021-10-29,
Susquehanna International Securities Limited,IMMOFINANZ AG,AT0000A21KS2,2022-02-25,0.0,2022-02-28,
Susquehanna International Securities Limited,IMMOFINANZ AG,AT0000A21KS2,2022-02-21,2.11,2022-02-22,
Susquehanna International Securities Limited,IMMOFINANZ AG,AT0000A21KS2,2022-02-17,1.93,2022-02-18,
Susquehanna International Securities Limited,IMMOFINANZ AG,AT0000A21KS2,2022-02-07,2.05,2022-02-08,
Susquehanna International Securities Limited,IMMOFINANZ AG,AT0000A21KS2,2022-02-04,1.86,2022-02-07,
Susquehanna International Securities Limited,IMMOFINANZ AG,AT0000A21KS2,2022-02-01,1.75,2022-02-02,
Susquehanna International Securities Limited,IMMOFINANZ AG,AT0000A21KS2,2022-01-28,1.93,2022-01-31,
Susquehanna International Securities Limited,IMMOFINANZ AG,AT0000A21KS2,2022-01-24,1.83,2022-01-25,
Susquehanna International Securities Limited,IMMOFINANZ AG,AT0000A21KS2,2022-01-13,2.04,2022-01-14,
Susquehanna International Securities Limited,IMMOFINANZ AG,AT0000A21KS2,2022-01-12,1.23,2022-01-13,
Susquehanna International Securities Limited,IMMOFINANZ AG,AT0000A21KS2,2022-01-11,1.37,2022-01-12,
Susquehanna International Securities Limited,IMMOFINANZ AG,AT0000A21KS2,2022-01-10,1.28,2022-01-11,
Susquehanna International Securities Limited,IMMOFINANZ AG,AT0000A21KS2,2022-01-06,1.19,2022-01-07,
Susquehanna International Securities Limited,IMMOFINANZ AG,AT0000A21KS2,2022-01-04,1.01,2022-01-05,
Susquehanna International Securities Limited,IMMOFINANZ AG,AT0000A21KS2,2022-01-03,0.7,2022-01-04,
Susquehanna International Securities Limited,IMMOFINANZ AG,AT0000A21KS2,2021-12-29,0.83,2021-12-30,
Susquehanna International Securities Limited,IMMOFINANZ AG,AT0000A21KS2,2021-12-28,0.79,2021-12-29,
Susquehanna International Securities Limited,IMMOFINANZ AG,AT0000A21KS2,2021-12-27,0.81,2021-12-28,
Susquehanna International Securities Limited,IMMOFINANZ AG,AT0000A21KS2,2021-12-23,0.79,2021-12-24,
Susquehanna International Securities Limited,IMMOFINANZ AG,AT0000A21KS2,2021-12-21,0.83,2021-12-22,
Susquehanna International Securities Limited,IMMOFINANZ AG,AT0000A21KS2,2021-12-20,0.72,2021-12-21,
Susquehanna International Securities Limited,Wienerberger AG,AT0000831706,2024-02-09,0.47,2024-02-12,
Susquehanna International Securities Limited,Wienerberger AG,AT0000831706,2024-02-07,0.5,2024-02-08,
Sylebra Capital Limited,Österreichische Post Aktiengesellschaft,AT0000APOST4,2021-03-19,0.47,2021-03-22,
Sylebra Capital Limited,Österreichische Post Aktiengesellschaft,AT0000APOST4,2021-01-27,0.57,2021-01-28,
Sylebra Capital Limited,Österreichische Post Aktiengesellschaft,AT0000APOST4,2021-01-27,0.93,2021-01-27,2021-01-28
Sylebra Capital Limited,Österreichische Post Aktiengesellschaft,AT0000APOST4,2021-01-26,0.93,2021-01-28,
Sylebra Capital Limited,Österreichische Post Aktiengesellschaft,AT0000APOST4,2021-01-04,1.12,2021-01-07,
Sylebra Capital Limited,Österreichische Post Aktiengesellschaft,AT0000APOST4,2020-07-03,1.01,2020-07-06,
SYQUANT CAPITAL,CA Immobilien Anlagen Aktiengesellschaft,AT0000641352,2021-04-30,0.0,2021-05-03,
SYQUANT CAPITAL,CA Immobilien Anlagen Aktiengesellschaft,AT0000641352,2021-04-14,2.73,2021-04-15,
SYQUANT CAPITAL,CA Immobilien Anlagen Aktiengesellschaft,AT0000641352,2021-04-09,2.53,2021-04-12,
SYQUANT CAPITAL,CA Immobilien Anlagen Aktiengesellschaft,AT0000641352,2021-04-01,2.31,2021-04-06,
SYQUANT CAPITAL,CA Immobilien Anlagen Aktiengesellschaft,AT0000641352,2021-03-31,2.4,2021-04-01,
SYQUANT CAPITAL,CA Immobilien Anlagen Aktiengesellschaft,AT0000641352,2021-03-31,2.38,2021-03-31,2021-03-31
SYQUANT CAPITAL,CA Immobilien Anlagen Aktiengesellschaft,AT0000641352,2021-03-30,2.38,2021-03-31,
SYQUANT CAPITAL,CA Immobilien Anlagen Aktiengesellschaft,AT0000641352,2021-03-26,2.23,2021-03-29,
SYQUANT CAPITAL,CA Immobilien Anlagen Aktiengesellschaft,AT0000641352,2021-03-19,2.13,2021-03-22,
SYQUANT CAPITAL,CA Immobilien Anlagen Aktiengesellschaft,AT0000641352,2021-03-16,2.01,2021-03-17,
SYQUANT CAPITAL,CA Immobilien Anlagen Aktiengesellschaft,AT0000641352,2021-03-03,1.94,2021-03-04,
SYQUANT CAPITAL,CA Immobilien Anlagen Aktiengesellschaft,AT0000641352,2021-02-12,1.71,2021-02-15,
SYQUANT CAPITAL,CA Immobilien Anlagen Aktiengesellschaft,AT0000641352,2021-01-27,1.64,2021-01-28,
SYQUANT CAPITAL,CA Immobilien Anlagen Aktiengesellschaft,AT0000641352,2021-01-26,1.51,2021-01-27,
SYQUANT CAPITAL,CA Immobilien Anlagen Aktiengesellschaft,AT0000641352,2021-01-21,1.47,2021-01-22,
SYQUANT CAPITAL,CA Immobilien Anlagen Aktiengesellschaft,AT0000641352,2021-01-20,1.37,2021-01-21,
SYQUANT CAPITAL,CA Immobilien Anlagen Aktiengesellschaft,AT0000641352,2021-01-15,1.14,2021-01-18,
SYQUANT CAPITAL,CA Immobilien Anlagen Aktiengesellschaft,AT0000641352,2021-01-14,0.8,2021-01-15,
Syquant Capital,IMMOFINANZ AG,AT0000A21KS2,2022-01-24,0.0,2022-01-25,
Syquant Capital,IMMOFINANZ AG,AT0000A21KS2,2022-01-14,1.31,2022-01-17,
Syquant Capital,IMMOFINANZ AG,AT0000A21KS2,2022-01-13,1.27,2022-01-14,
Syquant Capital,IMMOFINANZ AG,AT0000A21KS2,2022-01-12,1.07,2022-01-13,
Syquant Capital,IMMOFINANZ AG,AT0000A21KS2,2022-01-10,0.91,2022-01-11,
SYQUANT CAPITAL,IMMOFINANZ AG,AT0000A21KS2,2021-12-30,0.73,2021-12-31,
Syquant Capital,IMMOFINANZ AG,AT0000A21KS2,2021-12-21,0.62,2021-12-22,
SYQUANT CAPITAL,IMMOFINANZ AG,AT0000A21KS2,2021-09-16,0.49,2021-09-17,
SYQUANT CAPITAL,IMMOFINANZ AG,AT0000A21KS2,2021-09-13,0.5,2021-09-14,
SYQUANT CAPITAL,IMMOFINANZ AG,AT0000A21KS2,2021-01-26,1.51,2021-01-27,2021-01-27
SYQUANT CAPITAL,IMMOFINANZ AG,AT0000A21KS2,2020-08-07,0.49,2020-08-10,
SYQUANT CAPITAL,IMMOFINANZ AG,AT0000A21KS2,2020-05-21,0.69,2020-05-22,
TFG Asset Management UK LLP,IMMOFINANZ AG,AT0000A21KS2,2022-01-18,0.54,2022-01-19,
TFG Asset Management UK LLP,Telekom Austria Aktiengesellschaft,AT0000720008,2023-06-08,0.45,2023-06-09,
TFG Asset Management UK LLP,Telekom Austria Aktiengesellschaft,AT0000720008,2023-05-16,0.55,2023-05-17,
TT International Asset Management Limited,AT & S Austria Technologie & Systemtechnik Aktiengesellschaft,AT0000969985,2023-04-14,0.46,2023-04-17,
TT International Asset Management Limited,AT & S Austria Technologie & Systemtechnik Aktiengesellschaft,AT0000969985,2022-10-27,0.5,2022-10-28,
Voleon Capital Management LP,DO & CO Aktiengesellschaft,AT0000818802,2020-12-30,0.49,2020-12-31,
Voleon Capital Management LP,DO & CO Aktiengesellschaft,AT0000818802,2020-12-16,0.5,2020-12-17,
Voleon Capital Management LP,DO & CO Aktiengesellschaft,AT0000818802,2020-12-10,0.49,2020-12-11,
Voleon Capital Management LP,DO & CO Aktiengesellschaft,AT0000818802,2020-12-03,0.57,2020-12-04,
Voleon Capital Management LP,DO & CO Aktiengesellschaft,AT0000818802,2020-11-23,0.63,2020-11-24,
Voleon Capital Management LP,DO & CO Aktiengesellschaft,AT0000818802,2020-11-20,0.55,2020-11-21,
Voleon Capital Management LP,DO & CO Aktiengesellschaft,AT0000818802,2020-11-20,0.55,2020-11-20,2020-11-20
Voleon Capital Management LP,Wienerberger AG,AT0000831706,2020-09-14,0.49,2020-09-15,
Voleon Capital Management LP,Wienerberger AG,AT0000831706,2020-09-04,0.51,2020-09-05,
"WorldQuant, LLC",CA Immobilien Anlagen Aktiengesellschaft,AT0000641352,2024-09-26,0.42,2024-09-27,
"WorldQuant, LLC",CA Immobilien Anlagen Aktiengesellschaft,AT0000641352,2024-09-25,0.5,2024-09-26,
"WorldQuant, LLC",CA Immobilien Anlagen Aktiengesellschaft,AT0000641352,2024-09-24,0.49,2024-09-25,
"WorldQuant, LLC",CA Immobilien Anlagen Aktiengesellschaft,AT0000641352,2024-09-16,0.58,2024-09-17,
"WorldQuant, LLC",CA Immobilien Anlagen Aktiengesellschaft,AT0000641352,2024-09-12,0.61,2024-09-13,
"WorldQuant, LLC",CA Immobilien Anlagen Aktiengesellschaft,AT0000641352,2024-09-11,0.52,2024-09-12,
